stereotypy,spectral_centroid_hz,spectral_bandwidth_hz,call_duration_s,decoy_sim_top1,decoy_sim_mean,species,n_recordings,n_shot,shot_strategy,n_heldout_calls,clf_train_acc,perch_version,perch_embed_dim,perch_peak_norm,perch_backend,verifier,encoder_seed,fusion,feature,n_seeds,use_timefilter,use_hard_neg,ap,f1,p,r,fptp,auc,ratio,fa_per_hr,fa_per_hr_r90,ap_sd,f1_sd,p_sd,r_sd,fptp_sd,auc_sd,ratio_sd,fa_per_hr_sd,fa_per_hr_r90_sd
0.26757004857063293,3465.9763420267827,1804.7749307756699,0.12665154950869237,0.4190371632575989,0.3738867938518524,whbsho3,22,5,rated,17,0.9016393442622951,v2,1536,0.25,tf,logreg,0,stage-1 only  (p),pcen,3,False,False,0.5066845522468305,0.5767255545456176,0.6333002278718988,0.5388888888888889,0.5722222222222222,0.47064814814814815,1.090552995391705,73.0,215.0,0.03620861561820103,0.03782060937177119,0.12414740061906877,0.02545875386086575,0.2673602092336881,0.026622624703258206,0.07831627421784576,29.33001875212493,32.04293994002423
0.26757004857063293,3465.9763420267827,1804.7749307756699,0.12665154950869237,0.4190371632575989,0.3738867938518524,whbsho3,22,5,rated,17,0.9016393442622951,v2,1536,0.25,tf,logreg,0,perch only    (v),pcen,3,False,False,0.5389554717390077,0.6332487309644669,0.7978896103896105,0.525,0.2611111111111111,0.6620370370370371,0.4147476353358706,12.0,214.0,0.05062288469802379,0.03780376552107569,0.0523898120034238,0.03004626062886661,0.1873301700009707,0.013836242814663884,0.032152688690411074,3.968626966596886,29.25320495262015
0.26757004857063293,3465.9763420267827,1804.7749307756699,0.12665154950869237,0.4190371632575989,0.3738867938518524,whbsho3,22,5,rated,17,0.9016393442622951,v2,1536,0.25,tf,logreg,0,p * v,pcen,3,False,False,0.517562292987113,0.5835252930879778,0.6467575187969925,0.5388888888888889,0.5,0.49060185185185184,1.0409597909597912,73.5,211.5,0.037572261410393375,0.03303598052225616,0.10050885421125884,0.034694433324435545,0.2645751311064591,0.01952381288445793,0.11984937528902137,37.67957006124141,26.153393661244042
0.26757004857063293,3465.9763420267827,1804.7749307756699,0.12665154950869237,0.4190371632575989,0.3738867938518524,whbsho3,22,5,rated,17,0.9016393442622951,v2,1536,0.25,tf,logreg,0,p * sqrt(v),pcen,3,False,False,0.5128810452907899,0.5795231999589786,0.6414165258106507,0.5361111111111111,0.5333333333333333,0.4826851851851852,1.0452140452140453,74.5,212.5,0.036637005803466446,0.03389756502584132,0.09904726116481662,0.03938179688543842,0.2619372274250285,0.023331817631547062,0.115663301867632,37.239092362730865,26.509432283623127
0.26757004857063293,3465.9763420267827,1804.7749307756699,0.12665154950869237,0.4190371632575989,0.3738867938518524,whbsho3,22,5,rated,17,0.9016393442622951,v2,1536,0.25,tf,logreg,0,sqrt(p) * v,pcen,3,False,False,0.5251354323061159,0.5893004941245273,0.6493055555555555,0.5416666666666666,0.47222222222222215,0.5088888888888888,1.027975013340867,71.5,215.5,0.03883911373992682,0.033871745239243245,0.07311798954463986,0.016666666666666663,0.23353166174426335,0.018796752411907945,0.14476173288471697,32.737593069741706,30.31088913245535
0.26757004857063293,3465.9763420267827,1804.7749307756699,0.12665154950869237,0.4190371632575989,0.3738867938518524,whbsho3,22,5,rated,17,0.9016393442622951,v2,1536,0.25,tf,logreg,0,geo mean sqrt(p*v),pcen,3,False,False,0.517562292987113,0.5835252930879778,0.6467575187969925,0.5388888888888889,0.5,0.49060185185185184,1.0409597909597912,73.5,211.5,0.037572261410393375,0.03303598052225616,0.10050885421125884,0.034694433324435545,0.2645751311064591,0.01952381288445793,0.11984937528902137,37.67957006124141,26.153393661244042
0.26757004857063293,3465.9763420267827,1804.7749307756699,0.12665154950869237,0.4190371632575989,0.3738867938518524,whbsho3,22,5,rated,17,0.9016393442622951,v2,1536,0.25,tf,logreg,1,stage-1 only  (p),pcen,3,False,False,0.5044040070546624,0.5754329004329004,0.6016502795450164,0.5555555555555556,0.6277777777777778,0.45625,1.0788362154641222,101.5,216.0,0.02714100366948345,0.04507767388597932,0.085733747911123,0.03367876570272811,0.1575271875417536,0.0291706346507224,0.11425894587931025,37.027017163147235,58.5
0.26757004857063293,3465.9763420267827,1804.7749307756699,0.12665154950869237,0.4190371632575989,0.3738867938518524,whbsho3,22,5,rated,17,0.9016393442622951,v2,1536,0.25,tf,logreg,1,perch only    (v),pcen,3,False,False,0.5343637383273812,0.640830069401498,0.8223121907332432,0.525,0.19999999999999998,0.6825000000000001,0.3668955387032862,10.0,218.0,0.046154015665935376,0.03885896988052213,0.05707274928224034,0.028867513459481284,0.15275252316519466,0.0488270995262687,0.055346949665974136,4.8218253804964775,57.00657856774076
0.26757004857063293,3465.9763420267827,1804.7749307756699,0.12665154950869237,0.4190371632575989,0.3738867938518524,whbsho3,22,5,rated,17,0.9016393442622951,v2,1536,0.25,tf,logreg,1,p * v,pcen,3,False,False,0.5151520838066599,0.5789316170555109,0.6050362844702467,0.5583333333333333,0.5777777777777778,0.483287037037037,1.0829448329448328,97.5,215.0,0.028656873630172885,0.041955579674811214,0.08015250088527738,0.028867513459481253,0.15396007178390017,0.02410846012905507,0.1273737790842585,31.5,56.331607468631674
0.26757004857063293,3465.9763420267827,1804.7749307756699,0.12665154950869237,0.4190371632575989,0.3738867938518524,whbsho3,22,5,rated,17,0.9016393442622951,v2,1536,0.25,tf,logreg,1,p * sqrt(v),pcen,3,False,False,0.5105655078913992,0.5761544011544011,0.602960372960373,0.5555555555555556,0.5888888888888889,0.4709722222222222,1.0753690753690752,98.5,216.0,0.027546291571480058,0.04436969865353179,0.0838438305881239,0.03367876570272811,0.14938144066387501,0.0269218834527225,0.12110187144326824,33.75277766347534,57.059179804830706
0.26757004857063293,3465.9763420267827,1804.7749307756699,0.12665154950869237,0.4190371632575989,0.3738867938518524,whbsho3,22,5,rated,17,0.9016393442622951,v2,1536,0.25,tf,logreg,1,sqrt(p) * v,pcen,3,False,False,0.5233309260572471,0.582066003293006,0.6029791851632633,0.5638888888888889,0.5555555555555556,0.5015740740740741,1.03531613314222,97.5,218.0,0.02971575944821425,0.04051221419838837,0.05614099748559239,0.0375770812735241,0.1512295287646244,0.022539545722999293,0.14432279445109505,38.97114317029974,58.52563540876767
0.26757004857063293,3465.9763420267827,1804.7749307756699,0.12665154950869237,0.4190371632575989,0.3738867938518524,whbsho3,22,5,rated,17,0.9016393442622951,v2,1536,0.25,tf,logreg,1,geo mean sqrt(p*v),pcen,3,False,False,0.5151520838066599,0.5789316170555109,0.6050362844702467,0.5583333333333333,0.5777777777777778,0.483287037037037,1.0829448329448328,97.5,215.0,0.028656873630172885,0.041955579674811214,0.08015250088527738,0.028867513459481253,0.15396007178390017,0.02410846012905507,0.1273737790842585,31.5,56.331607468631674
0.26757004857063293,3465.9763420267827,1804.7749307756699,0.12665154950869237,0.4190371632575989,0.3738867938518524,whbsho3,22,5,rated,17,0.9016393442622951,v2,1536,0.25,tf,logreg,2,stage-1 only  (p),pcen,3,False,False,0.5185419288871391,0.5778901392108938,0.6503994112689765,0.5222222222222223,0.5222222222222223,0.48,0.9878818117241147,62.0,228.0,0.037343230583523276,0.030690986418856057,0.06093475945096797,0.033678765702728146,0.21103799903580645,0.015889884389948424,0.03271944295598566,37.41991448413532,24.69311644973149
0.26757004857063293,3465.9763420267827,1804.7749307756699,0.12665154950869237,0.4190371632575989,0.3738867938518524,whbsho3,22,5,rated,17,0.9016393442622951,v2,1536,0.25,tf,logreg,2,perch only    (v),pcen,3,False,False,0.5365800198326196,0.6340753816481972,0.7888093818326376,0.5305555555555556,0.26666666666666666,0.696574074074074,0.3783937965430075,8.0,227.5,0.052008574587784386,0.05094306098671332,0.05260099354251036,0.05091750772173154,0.23333333333333334,0.057449376086753136,0.04319425144526013,7.399324293474371,23.059705115200412
0.26757004857063293,3465.9763420267827,1804.7749307756699,0.12665154950869237,0.4190371632575989,0.3738867938518524,whbsho3,22,5,rated,17,0.9016393442622951,v2,1536,0.25,tf,logreg,2,p * v,pcen,3,False,False,0.528809743689211,0.5873765200388519,0.6329369594285628,0.561111111111111,0.5,0.5065277777777778,1.006677363820221,74.5,227.5,0.03929582360445494,0.03829478077715516,0.11798314266933735,0.06472877887628357,0.2204792759220492,0.020587906224675927,0.08604930632607463,42.7521929262114,25.64663720646432
0.26757004857063293,3465.9763420267827,1804.7749307756699,0.12665154950869237,0.4190371632575989,0.3738867938518524,whbsho3,22,5,rated,17,0.9016393442622951,v2,1536,0.25,tf,logreg,2,p * sqrt(v),pcen,3,False,False,0.5239510074806363,0.5840128540172315,0.6465343448202314,0.5333333333333333,0.5277777777777778,0.4948148148148148,0.9586976501870118,64.0,228.0,0.03824235293584501,0.0316032070911432,0.05519355639980431,0.022047927592204947,0.2143033502442879,0.017489708908254423,0.05485581856129515,29.33001875212493,26.02402735934621
0.26757004857063293,3465.9763420267827,1804.7749307756699,0.12665154950869237,0.4190371632575989,0.3738867938518524,whbsho3,22,5,rated,17,0.9016393442622951,v2,1536,0.25,tf,logreg,2,sqrt(p) * v,pcen,3,False,False,0.5373068382377001,0.5966924199682819,0.6641980559245363,0.5555555555555555,0.48333333333333334,0.5281018518518519,0.9712662842914944,65.0,227.0,0.038133004964788136,0.03858933057058113,0.12218291658848728,0.0718473175354309,0.21278575558006174,0.02608240640486057,0.0713764177261595,45.80120085761944,25.293279739883477
0.26757004857063293,3465.9763420267827,1804.7749307756699,0.12665154950869237,0.4190371632575989,0.3738867938518524,whbsho3,22,5,rated,17,0.9016393442622951,v2,1536,0.25,tf,logreg,2,geo mean sqrt(p*v),pcen,3,False,False,0.528809743689211,0.5873765200388519,0.6329369594285628,0.561111111111111,0.5,0.5065277777777778,1.006677363820221,74.5,227.5,0.03929582360445494,0.03829478077715516,0.11798314266933735,0.06472877887628357,0.2204792759220492,0.020587906224675927,0.08604930632607463,42.7521929262114,25.64663720646432
0.4619135558605194,2474.7290605305925,2289.74786461993,0.06186848072562357,0.4867986738681793,0.4568309932947159,bcnher,500,5,rated,495,0.8934426229508197,v2,1536,0.25,tf,logreg,0,stage-1 only  (p),pcen,3,False,False,0.6623781085528049,0.6942092710195739,0.7850478528048622,0.625,0.17222222222222225,0.48902777777777784,1.0313382921063252,42.5,252.0,0.09664636759466651,0.06713143395884724,0.1209815134903932,0.04166666666666663,0.22750661366048078,0.08940076141720107,0.1779354402278614,29.33001875212493,107.44649831427732
0.4619135558605194,2474.7290605305925,2289.74786461993,0.06186848072562357,0.4867986738681793,0.4568309932947159,bcnher,500,5,rated,495,0.8934426229508197,v2,1536,0.25,tf,logreg,0,perch only    (v),pcen,3,False,False,0.6588496018594846,0.7500880448261432,0.829486987205926,0.6888888888888888,0.16111111111111112,0.7489351851851852,0.647123719464145,4.0,252.0,0.10684116776700774,0.09456880964055668,0.05734743851948731,0.12972549365372904,0.07515416254704824,0.012653634052417881,0.1610250734771196,5.678908345800274,103.18430113151904
0.4619135558605194,2474.7290605305925,2289.74786461993,0.06186848072562357,0.4867986738681793,0.4568309932947159,bcnher,500,5,rated,495,0.8934426229508197,v2,1536,0.25,tf,logreg,0,p * v,pcen,3,False,False,0.6858367607854919,0.7063112962306511,0.8259146180280202,0.6222222222222222,0.09999999999999999,0.5527314814814814,1.0128968253968254,30.0,252.5,0.10743282038920542,0.0628154024866498,0.13887945005722557,0.04589642122738421,0.1301708279317776,0.08295636186122814,0.18162891752424226,16.5,108.2947367142097
0.4619135558605194,2474.7290605305925,2289.74786461993,0.06186848072562357,0.4867986738681793,0.4568309932947159,bcnher,500,5,rated,495,0.8934426229508197,v2,1536,0.25,tf,logreg,0,p * sqrt(v),pcen,3,False,False,0.6772433989162577,0.7023349899284129,0.8243149946062568,0.6166666666666667,0.12222222222222222,0.5264351851851852,1.0450589369115575,32.0,251.5,0.10658122677080789,0.06455692391252524,0.14041155387261553,0.04409585518440981,0.16859989894992794,0.08628391412916171,0.21324836660205096,20.47559522944327,106.59854595631218
0.4619135558605194,2474.7290605305925,2289.74786461993,0.06186848072562357,0.4867986738681793,0.4568309932947159,bcnher,500,5,rated,495,0.8934426229508197,v2,1536,0.25,tf,logreg,0,sqrt(p) * v,pcen,3,False,False,0.6996191414231155,0.7284617532104969,0.8123996856126418,0.6694444444444444,0.06111111111111111,0.5914814814814814,0.9809215904868078,34.0,252.5,0.11365558545829922,0.05575487554684966,0.11046439897250195,0.09141379262169075,0.09179284245476835,0.0750111017160689,0.18394138208964064,17.89553016817328,108.2947367142097
0.4619135558605194,2474.7290605305925,2289.74786461993,0.06186848072562357,0.4867986738681793,0.4568309932947159,bcnher,500,5,rated,495,0.8934426229508197,v2,1536,0.25,tf,logreg,0,geo mean sqrt(p*v),pcen,3,False,False,0.6858367607854919,0.7063112962306511,0.8259146180280202,0.6222222222222222,0.09999999999999999,0.5527314814814814,1.0128968253968254,30.0,252.5,0.10743282038920542,0.0628154024866498,0.13887945005722557,0.04589642122738421,0.1301708279317776,0.08295636186122814,0.18162891752424226,16.5,108.2947367142097
0.4619135558605194,2474.7290605305925,2289.74786461993,0.06186848072562357,0.4867986738681793,0.4568309932947159,bcnher,500,5,rated,495,0.8934426229508197,v2,1536,0.25,tf,logreg,1,stage-1 only  (p),pcen,3,False,False,0.6196930461942081,0.6706219595134654,0.7260235089828356,0.6277777777777779,0.20555555555555557,0.5058333333333334,1.005008865248227,50.5,281.5,0.02399360976402704,0.03296897373284607,0.06720969358860733,0.055486067653994976,0.09179284245476836,0.11477902061148139,0.21608475169856148,38.48701079585163,155.33753570853375
0.4619135558605194,2474.7290605305925,2289.74786461993,0.06186848072562357,0.4867986738681793,0.4568309932947159,bcnher,500,5,rated,495,0.8934426229508197,v2,1536,0.25,tf,logreg,1,perch only    (v),pcen,3,False,False,0.6182076309451855,0.7261944874686376,0.8134010680402769,0.6611111111111111,0.18888888888888888,0.7585648148148149,0.4455518641565153,1.0,279.0,0.013541723001109103,0.034203665160924684,0.03569451650811063,0.07920320794101807,0.06938886664887109,0.012331881275048565,0.17642531864498445,1.7320508075688772,151.27706369440148
0.4619135558605194,2474.7290605305925,2289.74786461993,0.06186848072562357,0.4867986738681793,0.4568309932947159,bcnher,500,5,rated,495,0.8934426229508197,v2,1536,0.25,tf,logreg,1,p * v,pcen,3,False,False,0.6510860078624552,0.7002327334303917,0.8045177045177044,0.6222222222222222,0.1277777777777778,0.5718055555555556,0.9796209081923367,33.5,281.5,0.04201585090222167,0.0263086853323821,0.06764203504563736,0.03367876570272816,0.08388704928078611,0.10550531059274508,0.19780301175006473,24.43358344574123,155.33753570853375
0.4619135558605194,2474.7290605305925,2289.74786461993,0.06186848072562357,0.4867986738681793,0.4568309932947159,bcnher,500,5,rated,495,0.8934426229508197,v2,1536,0.25,tf,logreg,1,p * sqrt(v),pcen,3,False,False,0.6405941406273298,0.6828614998810462,0.7577264262455953,0.6222222222222222,0.16666666666666666,0.5468055555555555,1.0191171923314781,43.0,281.5,0.03393504687792053,0.029405339002881985,0.03948494487737896,0.03367876570272818,0.10137937550497032,0.10661947831359986,0.2296394395251611,35.79106033634656,155.33753570853375
0.4619135558605194,2474.7290605305925,2289.74786461993,0.06186848072562357,0.4867986738681793,0.4568309932947159,bcnher,500,5,rated,495,0.8934426229508197,v2,1536,0.25,tf,logreg,1,sqrt(p) * v,pcen,3,False,False,0.667874401804102,0.7196606050601573,0.8152907521328574,0.6444444444444445,0.09999999999999999,0.6088888888888889,0.9741991341991342,33.5,280.5,0.04748692913700367,0.023209763574070147,0.04501049579989135,0.009622504486493794,0.06009252125773315,0.09402908562195657,0.17951135550570502,29.483045975611137,156.66923756755824
0.4619135558605194,2474.7290605305925,2289.74786461993,0.06186848072562357,0.4867986738681793,0.4568309932947159,bcnher,500,5,rated,495,0.8934426229508197,v2,1536,0.25,tf,logreg,1,geo mean sqrt(p*v),pcen,3,False,False,0.6510860078624552,0.7002327334303917,0.8045177045177044,0.6222222222222222,0.1277777777777778,0.5718055555555556,0.9796209081923367,33.5,281.5,0.04201585090222167,0.0263086853323821,0.06764203504563736,0.03367876570272816,0.08388704928078611,0.10550531059274508,0.19780301175006473,24.43358344574123,155.33753570853375
0.4619135558605194,2474.7290605305925,2289.74786461993,0.06186848072562357,0.4867986738681793,0.4568309932947159,bcnher,500,5,rated,495,0.8934426229508197,v2,1536,0.25,tf,logreg,2,stage-1 only  (p),pcen,3,False,False,0.6592492456284432,0.7178391149841973,0.8241310996008394,0.6388888888888888,0.14444444444444446,0.49331018518518516,1.0404891304347823,39.0,244.5,0.05447643220684084,0.03556334980750658,0.1002999339215086,0.004811252243246928,0.15485955405295948,0.07978632770714394,0.12374219486183752,25.588083163847973,108.1249277456406
0.4619135558605194,2474.7290605305925,2289.74786461993,0.06186848072562357,0.4867986738681793,0.4568309932947159,bcnher,500,5,rated,495,0.8934426229508197,v2,1536,0.25,tf,logreg,2,perch only    (v),pcen,3,False,False,0.6421797332934531,0.7357551750323476,0.8129516170041748,0.6750000000000002,0.1722222222222222,0.7424768518518517,0.6717429948503675,2.0,243.0,0.06925443381649796,0.06653776318966659,0.05528844406587618,0.09166666666666667,0.05091750772173156,0.021984441105476527,0.12772715871543522,2.29128784747792,105.82178414674362
0.4619135558605194,2474.7290605305925,2289.74786461993,0.06186848072562357,0.4867986738681793,0.4568309932947159,bcnher,500,5,rated,495,0.8934426229508197,v2,1536,0.25,tf,logreg,2,p * v,pcen,3,False,False,0.685865207880159,0.7293190788355325,0.8652996808616154,0.6333333333333333,0.08888888888888889,0.5675694444444445,1.0304490170461615,29.5,246.0,0.0537110170467315,0.027450109981296267,0.09783807815378223,0.016666666666666663,0.08552669065744807,0.07061004430306979,0.16015701327970205,18.874586088176873,110.4411608051998
0.4619135558605194,2474.7290605305925,2289.74786461993,0.06186848072562357,0.4867986738681793,0.4568309932947159,bcnher,500,5,rated,495,0.8934426229508197,v2,1536,0.25,tf,logreg,2,p * sqrt(v),pcen,3,False,False,0.6761749678315327,0.7239380217128462,0.8388397867564534,0.6388888888888888,0.09999999999999999,0.5406712962962964,1.0091030963501124,35.5,246.0,0.05338763962268803,0.02690745791971593,0.08031723561407673,0.017347216662217772,0.10408329997330665,0.07495537295398363,0.12089990895006165,22.516660498395403,110.4411608051998
0.4619135558605194,2474.7290605305925,2289.74786461993,0.06186848072562357,0.4867986738681793,0.4568309932947159,bcnher,500,5,rated,495,0.8934426229508197,v2,1536,0.25,tf,logreg,2,sqrt(p) * v,pcen,3,False,False,0.6998343821539986,0.7426312005751258,0.8665377176015473,0.65,0.044444444444444446,0.6145138888888889,0.964016514201528,30.5,246.0,0.053480949575199103,0.02814145462187409,0.023276221560074917,0.033333333333333326,0.05091750772173156,0.06047151884192575,0.1299986384646259,31.188940347501386,111.93859924083381
0.4619135558605194,2474.7290605305925,2289.74786461993,0.06186848072562357,0.4867986738681793,0.4568309932947159,bcnher,500,5,rated,495,0.8934426229508197,v2,1536,0.25,tf,logreg,2,geo mean sqrt(p*v),pcen,3,False,False,0.685865207880159,0.7293190788355325,0.8652996808616154,0.6333333333333333,0.08888888888888889,0.5675694444444445,1.0304490170461615,29.5,246.0,0.0537110170467315,0.027450109981296267,0.09783807815378223,0.016666666666666663,0.08552669065744807,0.07061004430306979,0.16015701327970205,18.874586088176873,110.4411608051998
0.3387950360774994,4402.924413003717,2265.8378198896394,0.05013756613756614,0.38960886001586914,0.35879161208868027,barswa,500,5,rated,495,0.8852459016393442,v2,1536,0.25,tf,logreg,0,stage-1 only  (p),pcen,3,False,False,0.5739423618953602,0.6277729591872365,0.6760601180891035,0.5888888888888889,0.4222222222222222,0.553125,0.8992791547348672,82.0,181.5,0.13810453961223074,0.09859482573757364,0.13470640865341793,0.08511974136691426,0.4379032533097456,0.043384107095303784,0.042689972389305095,70.88723439378913,58.57687256929991
0.3387950360774994,4402.924413003717,2265.8378198896394,0.05013756613756614,0.38960886001586914,0.35879161208868027,barswa,500,5,rated,495,0.8852459016393442,v2,1536,0.25,tf,logreg,0,perch only    (v),pcen,3,False,False,0.5625354394831561,0.6902892160570454,0.765451364259706,0.6333333333333333,0.3444444444444444,0.7865046296296296,0.4438111228938377,0.5,181.5,0.14859504422481604,0.12522105400885894,0.1806015974122557,0.09999999999999998,0.3384332091226229,0.025934532714894203,0.08957959382726881,0.8660254037844386,58.57687256929991
0.3387950360774994,4402.924413003717,2265.8378198896394,0.05013756613756614,0.38960886001586914,0.35879161208868027,barswa,500,5,rated,495,0.8852459016393442,v2,1536,0.25,tf,logreg,0,p * v,pcen,3,False,False,0.5801307446596589,0.6458456463097214,0.7197240536106726,0.5916666666666667,0.33888888888888885,0.6100231481481481,0.8496629838093254,72.5,182.0,0.142934189994652,0.0973740527854167,0.11732117536028512,0.11211353372561426,0.41677776296691227,0.04371704740777329,0.03871942909975949,67.18816860132445,56.967095765889276
0.3387950360774994,4402.924413003717,2265.8378198896394,0.05013756613756614,0.38960886001586914,0.35879161208868027,barswa,500,5,rated,495,0.8852459016393442,v2,1536,0.25,tf,logreg,0,p * sqrt(v),pcen,3,False,False,0.5727316409714306,0.637337670458271,0.6794871794871794,0.6055555555555555,0.35555555555555557,0.5883101851851852,0.8957531022678649,79.5,181.0,0.14617355453980993,0.0978277225543807,0.13550775849167032,0.09730155493409441,0.3938179688543841,0.045480138143314586,0.03333997396395389,63.4448579476698,57.71265025971343
0.3387950360774994,4402.924413003717,2265.8378198896394,0.05013756613756614,0.38960886001586914,0.35879161208868027,barswa,500,5,rated,495,0.8852459016393442,v2,1536,0.25,tf,logreg,0,sqrt(p) * v,pcen,3,False,False,0.5894639368232023,0.6587882795599709,0.7383876717842562,0.6027777777777779,0.3,0.6421527777777779,0.8346638217513398,63.0,180.5,0.13977588616296657,0.08845582915097606,0.11524707741804854,0.11314117696897948,0.37675515184857716,0.03799334686315747,0.07890182022328047,53.075418038862395,54.380603159582556
0.3387950360774994,4402.924413003717,2265.8378198896394,0.05013756613756614,0.38960886001586914,0.35879161208868027,barswa,500,5,rated,495,0.8852459016393442,v2,1536,0.25,tf,logreg,0,geo mean sqrt(p*v),pcen,3,False,False,0.5801307446596589,0.6458456463097214,0.7197240536106726,0.5916666666666667,0.33888888888888885,0.6100231481481481,0.8496629838093254,72.5,182.0,0.142934189994652,0.0973740527854167,0.11732117536028512,0.11211353372561426,0.41677776296691227,0.04371704740777329,0.03871942909975949,67.18816860132445,56.967095765889276
0.3387950360774994,4402.924413003717,2265.8378198896394,0.05013756613756614,0.38960886001586914,0.35879161208868027,barswa,500,5,rated,495,0.8852459016393442,v2,1536,0.25,tf,logreg,1,stage-1 only  (p),pcen,3,False,False,0.5821850813519555,0.6227371626697313,0.716559311481173,0.5527777777777777,0.3833333333333333,0.5666898148148148,0.8402250030157007,28.0,238.0,0.05366875790729576,0.0637341058007023,0.11972040120513101,0.03367876570272816,0.2362907813126304,0.06719729986430632,0.12574351368773107,12.932517156377562,85.93747727272427
0.3387950360774994,4402.924413003717,2265.8378198896394,0.05013756613756614,0.38960886001586914,0.35879161208868027,barswa,500,5,rated,495,0.8852459016393442,v2,1536,0.25,tf,logreg,1,perch only    (v),pcen,3,False,False,0.5721138101985108,0.6987837360803569,0.7323001865403932,0.6694444444444444,0.29444444444444445,0.758125,0.35278767139232253,0.5,237.5,0.059727514607859855,0.05334159106128669,0.08617793448304704,0.026787918780535953,0.13368010461684407,0.02356654290396543,0.1734007918114165,0.8660254037844386,86.48554792565056
0.3387950360774994,4402.924413003717,2265.8378198896394,0.05013756613756614,0.38960886001586914,0.35879161208868027,barswa,500,5,rated,495,0.8852459016393442,v2,1536,0.25,tf,logreg,1,p * v,pcen,3,False,False,0.582592010895237,0.6374651240795486,0.7327913279132791,0.5666666666666667,0.2888888888888889,0.6239583333333334,0.8564213564213564,54.0,237.0,0.05118152638251155,0.057155137805281635,0.019070739393356618,0.08207381501496754,0.14938144066387501,0.06767353094174601,0.08333567583521943,69.34154598795732,85.6314778571525
0.3387950360774994,4402.924413003717,2265.8378198896394,0.05013756613756614,0.38960886001586914,0.35879161208868027,barswa,500,5,rated,495,0.8852459016393442,v2,1536,0.25,tf,logreg,1,p * sqrt(v),pcen,3,False,False,0.5756796213774659,0.6269838837907202,0.7599755387429511,0.5416666666666666,0.35555555555555557,0.599513888888889,0.7861232943469786,42.0,237.0,0.052392757061922,0.06430240760248569,0.08658922062607295,0.09013878188659975,0.20838888148345613,0.06893535619211183,0.05394033949069127,50.8010826656283,85.6314778571525
0.3387950360774994,4402.924413003717,2265.8378198896394,0.05013756613756614,0.38960886001586914,0.35879161208868027,barswa,500,5,rated,495,0.8852459016393442,v2,1536,0.25,tf,logreg,1,sqrt(p) * v,pcen,3,False,False,0.5951753234724767,0.6540495063273536,0.7555814354727399,0.5833333333333334,0.22222222222222224,0.6521990740740741,0.792695866225278,55.5,238.5,0.047401713642543274,0.05442620485413023,0.022499820997023558,0.1024017143953709,0.10715167512214394,0.05931032594223781,0.07384372364045969,79.52829685086938,85.3946719649417
0.3387950360774994,4402.924413003717,2265.8378198896394,0.05013756613756614,0.38960886001586914,0.35879161208868027,barswa,500,5,rated,495,0.8852459016393442,v2,1536,0.25,tf,logreg,1,geo mean sqrt(p*v),pcen,3,False,False,0.582592010895237,0.6374651240795486,0.7327913279132791,0.5666666666666667,0.2888888888888889,0.6239583333333334,0.8564213564213564,54.0,237.0,0.05118152638251155,0.057155137805281635,0.019070739393356618,0.08207381501496754,0.14938144066387501,0.06767353094174601,0.08333567583521943,69.34154598795732,85.6314778571525
0.3387950360774994,4402.924413003717,2265.8378198896394,0.05013756613756614,0.38960886001586914,0.35879161208868027,barswa,500,5,rated,495,0.8852459016393442,v2,1536,0.25,tf,logreg,2,stage-1 only  (p),pcen,3,False,False,0.5758876322721315,0.6442499988631235,0.7094954568901305,0.5916666666666667,0.4444444444444444,0.5435879629629629,0.8794037940379403,55.5,202.0,0.1340475121472048,0.11555920021807692,0.15288093139152853,0.09464847243000456,0.45531836643695234,0.03887402576419408,0.06665840387686922,55.072679252057455,77.13462257637617
0.3387950360774994,4402.924413003717,2265.8378198896394,0.05013756613756614,0.38960886001586914,0.35879161208868027,barswa,500,5,rated,495,0.8852459016393442,v2,1536,0.25,tf,logreg,2,perch only    (v),pcen,3,False,False,0.5739874177631159,0.7097894449001915,0.7934782608695651,0.6444444444444444,0.2722222222222222,0.7656712962962963,0.37222222222222223,1.0,204.0,0.10459613899328032,0.09508194353505992,0.09039401254909478,0.10747523401196166,0.14174834246858972,0.005665719101966388,0.13965322563977836,0.8660254037844386,81.92527082652825
0.3387950360774994,4402.924413003717,2265.8378198896394,0.05013756613756614,0.38960886001586914,0.35879161208868027,barswa,500,5,rated,495,0.8852459016393442,v2,1536,0.25,tf,logreg,2,p * v,pcen,3,False,False,0.5859917541403319,0.6621218202007753,0.7489226139685959,0.5972222222222222,0.4222222222222222,0.6003472222222221,0.8507337395846287,50.5,202.0,0.13256284461121326,0.10825809778778263,0.12344468333347154,0.11314117696897943,0.4577521567803226,0.04104401666518941,0.08221039069725732,50.072447513577764,75.81061930890685
0.3387950360774994,4402.924413003717,2265.8378198896394,0.05013756613756614,0.38960886001586914,0.35879161208868027,barswa,500,5,rated,495,0.8852459016393442,v2,1536,0.25,tf,logreg,2,p * sqrt(v),pcen,3,False,False,0.5789882380905477,0.6553283002558364,0.7344736978357668,0.5944444444444444,0.42777777777777776,0.576875,0.8654396219375698,52.0,200.5,0.13563073907365747,0.10966896326264391,0.14875920999026426,0.09622504486493764,0.4438885412319595,0.043508981175169235,0.08662981119320713,47.91398543223053,73.21372822087399
0.3387950360774994,4402.924413003717,2265.8378198896394,0.05013756613756614,0.38960886001586914,0.35879161208868027,barswa,500,5,rated,495,0.8852459016393442,v2,1536,0.25,tf,logreg,2,sqrt(p) * v,pcen,3,False,False,0.5948632685492866,0.6726198229249118,0.7754296378327385,0.5972222222222222,0.28888888888888886,0.6350231481481482,0.8315220144905507,46.0,203.5,0.12958371353447742,0.10238659040023199,0.11808783483639504,0.10617508252009109,0.3595264374969652,0.03788958723017774,0.06100119892883125,47.34712240464039,81.00462949733182
0.3387950360774994,4402.924413003717,2265.8378198896394,0.05013756613756614,0.38960886001586914,0.35879161208868027,barswa,500,5,rated,495,0.8852459016393442,v2,1536,0.25,tf,logreg,2,geo mean sqrt(p*v),pcen,3,False,False,0.5859917541403319,0.6621218202007753,0.7489226139685959,0.5972222222222222,0.4222222222222222,0.6003472222222221,0.8507337395846287,50.5,202.0,0.13256284461121326,0.10825809778778263,0.12344468333347154,0.11314117696897943,0.4577521567803226,0.04104401666518941,0.08221039069725732,50.072447513577764,75.81061930890685
0.4093475341796875,2810.143101303331,1956.9270399018944,0.09420408163265306,0.518485426902771,0.43135155737400055,bkwsti,500,5,rated,495,0.8524590163934426,v2,1536,0.25,tf,logreg,0,stage-1 only  (p),pcen,3,False,False,0.7893102159927734,0.7950530342549121,0.9109094982078854,0.7055555555555556,0.044444444444444446,0.7016666666666668,0.6327631761924627,23.5,179.5,0.0038779411795376965,0.0070052707178599825,0.02410530626980545,0.004811252243246928,0.041943524640393054,0.05160857696206497,0.1166484954755472,17.320508075688775,41.60528812542944
0.4093475341796875,2810.143101303331,1956.9270399018944,0.09420408163265306,0.518485426902771,0.43135155737400055,bkwsti,500,5,rated,495,0.8524590163934426,v2,1536,0.25,tf,logreg,0,perch only    (v),pcen,3,False,False,0.7169312880451782,0.80205754413078,0.8284645622216243,0.7777777777777778,0.1611111111111111,0.846712962962963,0.34849773242630383,4.0,181.0,0.042803100106562325,0.01864852111202273,0.009426748022924496,0.03367876570272816,0.00962250448649376,0.02170062035676199,0.10384628411004408,5.678908345800274,42.06245356609621
0.4093475341796875,2810.143101303331,1956.9270399018944,0.09420408163265306,0.518485426902771,0.43135155737400055,bkwsti,500,5,rated,495,0.8524590163934426,v2,1536,0.25,tf,logreg,0,p * v,pcen,3,False,False,0.8069256453950396,0.8087773541933134,0.86695602321617,0.7638888888888888,0.03333333333333333,0.7413888888888889,0.6538025466596894,30.0,180.0,0.015520602141767592,0.0028698622571185065,0.0688978680714903,0.060284817817252,0.03333333333333333,0.05224271908630775,0.11721524725925267,17.298843892006193,39.08644266238615
0.4093475341796875,2810.143101303331,1956.9270399018944,0.09420408163265306,0.518485426902771,0.43135155737400055,bkwsti,500,5,rated,495,0.8524590163934426,v2,1536,0.25,tf,logreg,0,p * sqrt(v),pcen,3,False,False,0.8011440899189496,0.798937583001328,0.8673184232846749,0.75,0.03333333333333333,0.7255092592592592,0.6681232021841939,27.0,178.5,0.013301159971281085,0.0018401602205247534,0.09111909501012389,0.07264831572567793,0.03333333333333333,0.05134933412641626,0.13050197710294734,11.905880899790658,40.277164746292655
0.4093475341796875,2810.143101303331,1956.9270399018944,0.09420408163265306,0.518485426902771,0.43135155737400055,bkwsti,500,5,rated,495,0.8524590163934426,v2,1536,0.25,tf,logreg,0,sqrt(p) * v,pcen,3,False,False,0.8172709822156795,0.8197266929720745,0.8865555483259954,0.7638888888888888,0.03333333333333333,0.7623611111111112,0.6318283166109252,28.0,180.0,0.020475900712726994,0.003487967132688101,0.042972282908778074,0.02678791878053602,0.03333333333333333,0.05047173301297802,0.1488636786846505,26.509432283623127,39.08644266238615
0.4093475341796875,2810.143101303331,1956.9270399018944,0.09420408163265306,0.518485426902771,0.43135155737400055,bkwsti,500,5,rated,495,0.8524590163934426,v2,1536,0.25,tf,logreg,0,geo mean sqrt(p*v),pcen,3,False,False,0.8069256453950396,0.8087773541933134,0.86695602321617,0.7638888888888888,0.03333333333333333,0.7413888888888889,0.6538025466596894,30.0,180.0,0.015520602141767592,0.0028698622571185065,0.0688978680714903,0.060284817817252,0.03333333333333333,0.05224271908630775,0.11721524725925267,17.298843892006193,39.08644266238615
0.4093475341796875,2810.143101303331,1956.9270399018944,0.09420408163265306,0.518485426902771,0.43135155737400055,bkwsti,500,5,rated,495,0.8524590163934426,v2,1536,0.25,tf,logreg,1,stage-1 only  (p),pcen,3,False,False,0.6564535564528952,0.7177376391169495,0.7967831224647965,0.6583333333333333,0.18333333333333335,0.6868055555555556,0.6480555555555557,26.5,266.5,0.07426770929856309,0.04456884579070625,0.1158548855358674,0.030046260628866582,0.10408329997330663,0.07568517399908391,0.048421853805135605,2.29128784747792,24.66272491027705
0.4093475341796875,2810.143101303331,1956.9270399018944,0.09420408163265306,0.518485426902771,0.43135155737400055,bkwsti,500,5,rated,495,0.8524590163934426,v2,1536,0.25,tf,logreg,1,perch only    (v),pcen,3,False,False,0.6058424696030524,0.7338234018561888,0.7278109435367499,0.7416666666666667,0.3222222222222222,0.8252777777777777,0.3353284253740181,5.5,270.0,0.01681174610324561,0.014691161450944751,0.04288668417457409,0.022047927592204968,0.04194352464039304,0.04497025122645384,0.06264183290859113,9.526279441628825,24.14021540914662
0.4093475341796875,2810.143101303331,1956.9270399018944,0.09420408163265306,0.518485426902771,0.43135155737400055,bkwsti,500,5,rated,495,0.8524590163934426,v2,1536,0.25,tf,logreg,1,p * v,pcen,3,False,False,0.6674060004593579,0.7310337098336666,0.7596557853910796,0.7055555555555556,0.15555555555555556,0.7290740740740741,0.6918087855297156,36.0,268.5,0.07416316621763869,0.043397286693873736,0.05605055456536598,0.04589642122738419,0.09179284245476836,0.0801892513777416,0.15720342200623796,21.0,23.092206477510977
0.4093475341796875,2810.143101303331,1956.9270399018944,0.09420408163265306,0.518485426902771,0.43135155737400055,bkwsti,500,5,rated,495,0.8524590163934426,v2,1536,0.25,tf,logreg,1,p * sqrt(v),pcen,3,False,False,0.6623104259442265,0.7260037608695645,0.8121866243560062,0.6611111111111111,0.16666666666666666,0.7125925925925926,0.6250595238095238,21.5,268.5,0.07253642850208887,0.04149265975263404,0.10859223013142023,0.029265704869035392,0.0927960727138337,0.07935115970029603,0.04097050228912415,5.267826876426369,23.092206477510977
0.4093475341796875,2810.143101303331,1956.9270399018944,0.09420408163265306,0.518485426902771,0.43135155737400055,bkwsti,500,5,rated,495,0.8524590163934426,v2,1536,0.25,tf,logreg,1,sqrt(p) * v,pcen,3,False,False,0.677967908468219,0.7445876902630458,0.8197496947496946,0.6833333333333332,0.15555555555555556,0.7521296296296297,0.6476129157919795,22.0,268.5,0.0685235809600804,0.038860653754210175,0.014654399225983095,0.05833333333333331,0.09179284245476836,0.08144611698360958,0.17880940883195084,20.143237078483686,23.811761799581316
0.4093475341796875,2810.143101303331,1956.9270399018944,0.09420408163265306,0.518485426902771,0.43135155737400055,bkwsti,500,5,rated,495,0.8524590163934426,v2,1536,0.25,tf,logreg,1,geo mean sqrt(p*v),pcen,3,False,False,0.6674060004593579,0.7310337098336666,0.7596557853910796,0.7055555555555556,0.15555555555555556,0.7290740740740741,0.6918087855297156,36.0,268.5,0.07416316621763869,0.043397286693873736,0.05605055456536598,0.04589642122738419,0.09179284245476836,0.0801892513777416,0.15720342200623796,21.0,23.092206477510977
0.4093475341796875,2810.143101303331,1956.9270399018944,0.09420408163265306,0.518485426902771,0.43135155737400055,bkwsti,500,5,rated,495,0.8524590163934426,v2,1536,0.25,tf,logreg,2,stage-1 only  (p),pcen,3,False,False,0.7099973663700684,0.734230240813264,0.8051616327478396,0.6777777777777777,0.12222222222222222,0.693587962962963,0.6466276433053841,19.0,207.5,0.10188745271512602,0.053892747969790905,0.10019791831573929,0.034694433324435545,0.12619796324000607,0.08129469133339381,0.19000418908554484,12.031209415515965,22.9128784747792
0.4093475341796875,2810.143101303331,1956.9270399018944,0.09420408163265306,0.518485426902771,0.43135155737400055,bkwsti,500,5,rated,495,0.8524590163934426,v2,1536,0.25,tf,logreg,2,perch only    (v),pcen,3,False,False,0.6505701541869642,0.7700826506913124,0.7826653533587341,0.7583333333333333,0.24444444444444444,0.8115046296296295,0.3497129348193178,5.5,206.5,0.038757539510807945,0.024079827401855294,0.028938002406273776,0.028867513459481315,0.053575837561071975,0.06036014011678315,0.059115162252487724,7.088723439378913,22.26544407821232
0.4093475341796875,2810.143101303331,1956.9270399018944,0.09420408163265306,0.518485426902771,0.43135155737400055,bkwsti,500,5,rated,495,0.8524590163934426,v2,1536,0.25,tf,logreg,2,p * v,pcen,3,False,False,0.7245041966020808,0.75817236769476,0.8236218178406468,0.7027777777777778,0.08333333333333333,0.7286342592592593,0.6588748974767212,19.0,205.0,0.09128223792171249,0.05137326327906183,0.07516092574643297,0.03367876570272817,0.08819171036881969,0.08582457741807858,0.1629377488494364,9.643650760992955,24.109126902482387
0.4093475341796875,2810.143101303331,1956.9270399018944,0.09420408163265306,0.518485426902771,0.43135155737400055,bkwsti,500,5,rated,495,0.8524590163934426,v2,1536,0.25,tf,logreg,2,p * sqrt(v),pcen,3,False,False,0.7174838282205199,0.7468576655469389,0.811140909355195,0.6944444444444443,0.10555555555555556,0.7141435185185186,0.6649107571360011,18.0,205.5,0.09230966495318799,0.052368611037669786,0.09997723808668656,0.019245008972987525,0.09765775461803859,0.08373008369846681,0.17637753710110407,7.5,23.811761799581316
0.4093475341796875,2810.143101303331,1956.9270399018944,0.09420408163265306,0.518485426902771,0.43135155737400055,bkwsti,500,5,rated,495,0.8524590163934426,v2,1536,0.25,tf,logreg,2,sqrt(p) * v,pcen,3,False,False,0.7347468850427196,0.7669070250191194,0.8332023060796647,0.7111111111111111,0.08333333333333333,0.7485416666666667,0.6240170940170939,13.5,207.0,0.08808405886241238,0.03677810441946452,0.06117990664548422,0.025458753860865747,0.08819171036881969,0.08789354290423876,0.14406978670324605,6.5383484153110105,23.092206477510977
0.4093475341796875,2810.143101303331,1956.9270399018944,0.09420408163265306,0.518485426902771,0.43135155737400055,bkwsti,500,5,rated,495,0.8524590163934426,v2,1536,0.25,tf,logreg,2,geo mean sqrt(p*v),pcen,3,False,False,0.7245041966020808,0.75817236769476,0.8236218178406468,0.7027777777777778,0.08333333333333333,0.7286342592592593,0.6588748974767212,19.0,205.0,0.09128223792171249,0.05137326327906183,0.07516092574643297,0.03367876570272817,0.08819171036881969,0.08582457741807858,0.1629377488494364,9.643650760992955,24.109126902482387
0.4167673885822296,3702.9954039295294,1532.5496316021638,0.1424157218442933,0.3327493369579315,0.31314144283533096,blrwar1,500,5,rated,495,0.9262295081967213,v2,1536,0.25,tf,logreg,0,stage-1 only  (p),pcen,3,False,False,0.6193864480574337,0.7030351662318708,0.7905666853897522,0.6361111111111111,0.15,0.535462962962963,0.9475348725348726,69.0,176.0,0.032391487652689066,0.02898251749781341,0.049102169436736995,0.0529237746757157,0.0,0.023280915549148514,0.12121697585562272,35.082046690579496,36.62990581478473
0.4167673885822296,3702.9954039295294,1532.5496316021638,0.1424157218442933,0.3327493369579315,0.31314144283533096,blrwar1,500,5,rated,495,0.9262295081967213,v2,1536,0.25,tf,logreg,0,perch only    (v),pcen,3,False,False,0.6290686899082427,0.7121356452306621,0.8510946639978898,0.6138888888888889,0.13888888888888887,0.6528240740740742,0.7322438717787554,22.5,174.0,0.050033308762802,0.027985586736739575,0.016732489132620067,0.04882887730901929,0.03469443332443554,0.07519782723034364,0.2489506500599063,14.773286702694158,38.44801685392889
0.4167673885822296,3702.9954039295294,1532.5496316021638,0.1424157218442933,0.3327493369579315,0.31314144283533096,blrwar1,500,5,rated,495,0.9262295081967213,v2,1536,0.25,tf,logreg,0,p * v,pcen,3,False,False,0.6312642976446393,0.7117032392894463,0.811124497991968,0.6361111111111111,0.13888888888888887,0.55625,0.9651084010840109,62.0,173.0,0.027017501017673733,0.023463553715029874,0.031701708258056516,0.04738533919231106,0.01924500897298752,0.028158159464788234,0.09874123758770975,31.11671576500322,35.02855977627399
0.4167673885822296,3702.9954039295294,1532.5496316021638,0.1424157218442933,0.3327493369579315,0.31314144283533096,blrwar1,500,5,rated,495,0.9262295081967213,v2,1536,0.25,tf,logreg,0,p * sqrt(v),pcen,3,False,False,0.6259804134341883,0.7076652079671,0.8100223909897212,0.6305555555555555,0.14444444444444446,0.5453703703703704,0.9490740740740741,62.0,174.5,0.028949969949054473,0.02543522464662356,0.0350212613581964,0.04882887730901931,0.00962250448649376,0.027281091863248997,0.10047469636208663,30.606371885605782,35.57035282366482
0.4167673885822296,3702.9954039295294,1532.5496316021638,0.1424157218442933,0.3327493369579315,0.31314144283533096,blrwar1,500,5,rated,495,0.9262295081967213,v2,1536,0.25,tf,logreg,0,sqrt(p) * v,pcen,3,False,False,0.6364453164417564,0.7098611327820253,0.7924988497128543,0.6472222222222223,0.11666666666666665,0.5732407407407408,0.9499307193948244,67.0,170.5,0.026879879933262282,0.02183968366564481,0.05621819649241267,0.055486067653994935,0.016666666666666663,0.02933033882723087,0.14656024119596014,33.552198139615236,31.83158808479401
0.4167673885822296,3702.9954039295294,1532.5496316021638,0.1424157218442933,0.3327493369579315,0.31314144283533096,blrwar1,500,5,rated,495,0.9262295081967213,v2,1536,0.25,tf,logreg,0,geo mean sqrt(p*v),pcen,3,False,False,0.6312642976446393,0.7117032392894463,0.811124497991968,0.6361111111111111,0.13888888888888887,0.55625,0.9651084010840109,62.0,173.0,0.027017501017673733,0.023463553715029874,0.031701708258056516,0.04738533919231106,0.01924500897298752,0.028158159464788234,0.09874123758770975,31.11671576500322,35.02855977627399
0.4167673885822296,3702.9954039295294,1532.5496316021638,0.1424157218442933,0.3327493369579315,0.31314144283533096,blrwar1,500,5,rated,495,0.9262295081967213,v2,1536,0.25,tf,logreg,1,stage-1 only  (p),pcen,3,False,False,0.6269000735322406,0.7203292758474976,0.8217464500073196,0.6416666666666666,0.15,0.5376388888888889,0.9964300285597715,52.0,200.0,0.037518787936448354,0.03200897032995632,0.019325871402969434,0.041666666666666685,0.04409585518440983,0.025826985480546204,0.08060020439984651,19.576771950451892,28.394541729001368
0.4167673885822296,3702.9954039295294,1532.5496316021638,0.1424157218442933,0.3327493369579315,0.31314144283533096,blrwar1,500,5,rated,495,0.9262295081967213,v2,1536,0.25,tf,logreg,1,perch only    (v),pcen,3,False,False,0.6446894014231083,0.7188811401309692,0.8414075741157512,0.6277777777777778,0.12222222222222223,0.6552777777777777,0.7696417347580139,28.0,198.5,0.0401881677035401,0.029044154090394812,0.05088451691512062,0.017347216662217817,0.06938886664887109,0.07559843554459399,0.2453577957096576,18.33030277982336,23.059705115200412
0.4167673885822296,3702.9954039295294,1532.5496316021638,0.1424157218442933,0.3327493369579315,0.31314144283533096,blrwar1,500,5,rated,495,0.9262295081967213,v2,1536,0.25,tf,logreg,1,p * v,pcen,3,False,False,0.637061600212816,0.7214884209330256,0.8077141536226141,0.6527777777777778,0.13333333333333333,0.5613888888888889,0.9672743277394441,55.0,200.0,0.03356999946883991,0.03356662922825474,0.02603518805508933,0.045896421227384215,0.044095855184409845,0.02933384627076779,0.08300668784101636,13.527749258468683,25.821502667350714
0.4167673885822296,3702.9954039295294,1532.5496316021638,0.1424157218442933,0.3327493369579315,0.31314144283533096,blrwar1,500,5,rated,495,0.9262295081967213,v2,1536,0.25,tf,logreg,1,p * sqrt(v),pcen,3,False,False,0.6317173497541643,0.7203433774353364,0.8048968650910399,0.6527777777777778,0.14444444444444446,0.5507870370370371,0.9880515241592351,60.0,200.0,0.035656805757466215,0.0320130010661368,0.021362693073517597,0.045896421227384215,0.05357583756107197,0.028165465859420633,0.0854535819096657,14.773286702694158,25.821502667350714
0.4167673885822296,3702.9954039295294,1532.5496316021638,0.1424157218442933,0.3327493369579315,0.31314144283533096,blrwar1,500,5,rated,495,0.9262295081967213,v2,1536,0.25,tf,logreg,1,sqrt(p) * v,pcen,3,False,False,0.6446652757215209,0.7269913379353189,0.8394859131449529,0.6416666666666666,0.11666666666666665,0.5787037037037037,0.9723835333591432,38.5,200.0,0.03176580253551925,0.0352810990734608,0.014308435990867452,0.046398036356916854,0.049999999999999996,0.03361264153234455,0.10289541138338802,13.6106575888162,25.821502667350714
0.4167673885822296,3702.9954039295294,1532.5496316021638,0.1424157218442933,0.3327493369579315,0.31314144283533096,blrwar1,500,5,rated,495,0.9262295081967213,v2,1536,0.25,tf,logreg,1,geo mean sqrt(p*v),pcen,3,False,False,0.637061600212816,0.7214884209330256,0.8077141536226141,0.6527777777777778,0.13333333333333333,0.5613888888888889,0.9672743277394441,55.0,200.0,0.03356999946883991,0.03356662922825474,0.02603518805508933,0.045896421227384215,0.044095855184409845,0.02933384627076779,0.08300668784101636,13.527749258468683,25.821502667350714
0.4167673885822296,3702.9954039295294,1532.5496316021638,0.1424157218442933,0.3327493369579315,0.31314144283533096,blrwar1,500,5,rated,495,0.9262295081967213,v2,1536,0.25,tf,logreg,2,stage-1 only  (p),pcen,3,False,False,0.6014240382523118,0.6923151827489651,0.7644472481887176,0.6333333333333333,0.19999999999999998,0.5315740740740741,0.9830859199280252,73.0,197.5,0.030675458769647883,0.04220864630002404,0.027020632367302004,0.05464532103585004,0.08660254037844387,0.011129614223197568,0.12611697658257448,39.525308347943344,39.61060464067672
0.4167673885822296,3702.9954039295294,1532.5496316021638,0.1424157218442933,0.3327493369579315,0.31314144283533096,blrwar1,500,5,rated,495,0.9262295081967213,v2,1536,0.25,tf,logreg,2,perch only    (v),pcen,3,False,False,0.6171871526173335,0.6961501427300671,0.767241185910125,0.6388888888888888,0.18888888888888888,0.6296296296296297,0.7992272347535506,41.5,195.5,0.05635517791736562,0.043002636886536674,0.08535854741952986,0.012729376930432905,0.10183501544346311,0.05062768308187415,0.24426743226594272,26.6786431439082,37.47999466382032
0.4167673885822296,3702.9954039295294,1532.5496316021638,0.1424157218442933,0.3327493369579315,0.31314144283533096,blrwar1,500,5,rated,495,0.9262295081967213,v2,1536,0.25,tf,logreg,2,p * v,pcen,3,False,False,0.6174311147013358,0.6992585419186633,0.7658928199520983,0.6444444444444444,0.19444444444444442,0.5537962962962962,0.9737484737484735,72.0,197.0,0.029307873250431028,0.03983743802903096,0.03511669889686965,0.05422005915539757,0.09765775461803859,0.012352004552335007,0.14857006186259228,44.395945760846224,38.95189340712464
0.4167673885822296,3702.9954039295294,1532.5496316021638,0.1424157218442933,0.3327493369579315,0.31314144283533096,blrwar1,500,5,rated,495,0.9262295081967213,v2,1536,0.25,tf,logreg,2,p * sqrt(v),pcen,3,False,False,0.609324667940406,0.6941518576642746,0.7657392689229717,0.6361111111111111,0.20000000000000004,0.5429629629629629,0.9783240151661204,72.0,197.0,0.03126047030224488,0.04078194789154467,0.0262019054542083,0.05853140973807079,0.08819171036881969,0.01137900429225367,0.13099794161158218,42.532340636273474,38.95189340712464
0.4167673885822296,3702.9954039295294,1532.5496316021638,0.1424157218442933,0.3327493369579315,0.31314144283533096,blrwar1,500,5,rated,495,0.9262295081967213,v2,1536,0.25,tf,logreg,2,sqrt(p) * v,pcen,3,False,False,0.6246548976165114,0.707234786674039,0.7778616382339787,0.65,0.18888888888888888,0.5675,0.9537999537999537,67.0,197.0,0.028403926014674213,0.03844683885617329,0.030449056310030757,0.05833333333333335,0.09179284245476838,0.015877739872437437,0.173911535077935,43.71498598878879,38.95189340712464
0.4167673885822296,3702.9954039295294,1532.5496316021638,0.1424157218442933,0.3327493369579315,0.31314144283533096,blrwar1,500,5,rated,495,0.9262295081967213,v2,1536,0.25,tf,logreg,2,geo mean sqrt(p*v),pcen,3,False,False,0.6174311147013358,0.6992585419186633,0.7658928199520983,0.6444444444444444,0.19444444444444442,0.5537962962962962,0.9737484737484735,72.0,197.0,0.029307873250431028,0.03983743802903096,0.03511669889686965,0.05422005915539757,0.09765775461803859,0.012352004552335007,0.14857006186259228,44.395945760846224,38.95189340712464
0.5185569524765015,4584.582377939608,1949.383793174966,0.13832804232804233,0.3247823417186737,0.3112618699669838,comsan,500,5,rated,495,0.9180327868852459,v2,1536,0.25,tf,logreg,0,stage-1 only  (p),pcen,3,False,False,0.6635707000690547,0.7105293269785613,0.8013443784341617,0.6416666666666667,0.09999999999999999,0.6216203703703704,0.8183631245461688,42.0,154.0,0.05298525268207751,0.036949962852775145,0.0925764316794277,0.03333333333333338,0.06009252125773315,0.06886691564512856,0.10652661878807552,32.449961479175904,56.80889014934194
0.5185569524765015,4584.582377939608,1949.383793174966,0.13832804232804233,0.3247823417186737,0.3112618699669838,comsan,500,5,rated,495,0.9180327868852459,v2,1536,0.25,tf,logreg,0,perch only    (v),pcen,3,False,False,0.6688144081026519,0.7617819802030329,0.8794449646275488,0.6722222222222222,0.12222222222222223,0.7226388888888889,0.3208446251129178,5.5,154.0,0.0740977726010453,0.04118061634359398,0.03170735171602878,0.047385339192311055,0.06938886664887109,0.08489392323459022,0.18989363535745443,9.526279441628825,55.36469994500106
0.5185569524765015,4584.582377939608,1949.383793174966,0.13832804232804233,0.3247823417186737,0.3112618699669838,comsan,500,5,rated,495,0.9180327868852459,v2,1536,0.25,tf,logreg,0,p * v,pcen,3,False,False,0.67742475432912,0.7233171653083407,0.8247312911261376,0.6472222222222223,0.03888888888888889,0.6584722222222222,0.78774609111215,36.0,153.5,0.053678445152561226,0.0316007904528286,0.09064808024993588,0.025458753860865796,0.02545875386086578,0.08523374157081512,0.12464110679085072,29.508473359359,57.41950887982237
0.5185569524765015,4584.582377939608,1949.383793174966,0.13832804232804233,0.3247823417186737,0.3112618699669838,comsan,500,5,rated,495,0.9180327868852459,v2,1536,0.25,tf,logreg,0,p * sqrt(v),pcen,3,False,False,0.6707318109036909,0.7163031131205435,0.8149673285215453,0.6416666666666666,0.07222222222222223,0.6430555555555556,0.804778972520908,37.5,154.0,0.05442675990629031,0.038044508334373346,0.09764407368342361,0.016666666666666663,0.03849001794597505,0.07826629198716237,0.1082279020293718,36.03123644839294,56.80889014934194
0.5185569524765015,4584.582377939608,1949.383793174966,0.13832804232804233,0.3247823417186737,0.3112618699669838,comsan,500,5,rated,495,0.9180327868852459,v2,1536,0.25,tf,logreg,0,sqrt(p) * v,pcen,3,False,False,0.6865656589266186,0.7322206506364921,0.877168531083807,0.6333333333333334,0.03333333333333333,0.6778703703703703,0.694122383252818,21.5,154.0,0.053907971557943996,0.026271331051475784,0.09201331603792999,0.046398036356916854,0.03333333333333333,0.09067658529000726,0.14947228645365598,16.03901493234544,56.80889014934194
0.5185569524765015,4584.582377939608,1949.383793174966,0.13832804232804233,0.3247823417186737,0.3112618699669838,comsan,500,5,rated,495,0.9180327868852459,v2,1536,0.25,tf,logreg,0,geo mean sqrt(p*v),pcen,3,False,False,0.67742475432912,0.7233171653083407,0.8247312911261376,0.6472222222222223,0.03888888888888889,0.6584722222222222,0.78774609111215,36.0,153.5,0.053678445152561226,0.0316007904528286,0.09064808024993588,0.025458753860865796,0.02545875386086578,0.08523374157081512,0.12464110679085072,29.508473359359,57.41950887982237
0.5185569524765015,4584.582377939608,1949.383793174966,0.13832804232804233,0.3247823417186737,0.3112618699669838,comsan,500,5,rated,495,0.9180327868852459,v2,1536,0.25,tf,logreg,1,stage-1 only  (p),pcen,3,False,False,0.6396660617074224,0.6798620720955154,0.86173313384581,0.563888888888889,0.05555555555555556,0.617962962962963,0.7203665879023321,22.5,154.0,0.051380089344356665,0.01900909140301655,0.06183686126896156,0.0375770812735241,0.041943524640393054,0.06678990104949735,0.09615151898050657,13.332291625973383,13.937359864766353
0.5185569524765015,4584.582377939608,1949.383793174966,0.13832804232804233,0.3247823417186737,0.3112618699669838,comsan,500,5,rated,495,0.9180327868852459,v2,1536,0.25,tf,logreg,1,perch only    (v),pcen,3,False,False,0.6433938034434835,0.7502268281934276,0.8635503676733062,0.6638888888888889,0.11666666666666665,0.7146759259259259,0.4398553642739689,1.0,154.5,0.066360180698646,0.022308310253535538,0.030309885856546266,0.031549490810001475,0.0726483157256779,0.08223437214722665,0.04602843764872843,0.8660254037844386,14.465476141489432
0.5185569524765015,4584.582377939608,1949.383793174966,0.13832804232804233,0.3247823417186737,0.3112618699669838,comsan,500,5,rated,495,0.9180327868852459,v2,1536,0.25,tf,logreg,1,p * v,pcen,3,False,False,0.6518040682819356,0.7039661031530949,0.8212145969498911,0.6166666666666667,0.049999999999999996,0.6582407407407408,0.7817129629629629,27.0,153.5,0.05016475265997984,0.01839593148454726,0.049885083921133194,0.0,0.03333333333333333,0.08421765545434245,0.11209704354166479,18.734993995195193,16.178689687363438
0.5185569524765015,4584.582377939608,1949.383793174966,0.13832804232804233,0.3247823417186737,0.3112618699669838,comsan,500,5,rated,495,0.9180327868852459,v2,1536,0.25,tf,logreg,1,p * sqrt(v),pcen,3,False,False,0.6453684482312295,0.6877576690213285,0.8822493765912466,0.5666666666666668,0.05555555555555556,0.643287037037037,0.6850628112192453,17.5,154.0,0.05191029206395597,0.019340964880125846,0.06993865125825019,0.04166666666666663,0.041943524640393054,0.07809707319790025,0.12105990931397943,8.660254037844387,15.321553446044563
0.5185569524765015,4584.582377939608,1949.383793174966,0.13832804232804233,0.3247823417186737,0.3112618699669838,comsan,500,5,rated,495,0.9180327868852459,v2,1536,0.25,tf,logreg,1,sqrt(p) * v,pcen,3,False,False,0.6595558576475377,0.7144602326028923,0.8812827203238163,0.6027777777777777,0.05555555555555556,0.6763425925925927,0.6950396825396825,19.5,153.5,0.04879232549207131,0.021929803151205157,0.08585880246619261,0.00962250448649373,0.02545875386086578,0.08753841565584213,0.16609845032480694,15.874507866387544,16.178689687363438
0.5185569524765015,4584.582377939608,1949.383793174966,0.13832804232804233,0.3247823417186737,0.3112618699669838,comsan,500,5,rated,495,0.9180327868852459,v2,1536,0.25,tf,logreg,1,geo mean sqrt(p*v),pcen,3,False,False,0.6518040682819356,0.7039661031530949,0.8212145969498911,0.6166666666666667,0.049999999999999996,0.6582407407407408,0.7817129629629629,27.0,153.5,0.05016475265997984,0.01839593148454726,0.049885083921133194,0.0,0.03333333333333333,0.08421765545434245,0.11209704354166479,18.734993995195193,16.178689687363438
0.5185569524765015,4584.582377939608,1949.383793174966,0.13832804232804233,0.3247823417186737,0.3112618699669838,comsan,500,5,rated,495,0.9180327868852459,v2,1536,0.25,tf,logreg,2,stage-1 only  (p),pcen,3,False,False,0.6516405845275334,0.6990285459378556,0.8389664133335019,0.6,0.10000000000000002,0.6305092592592593,0.7170884670884671,24.5,159.0,0.027111505342427036,0.019935208393718137,0.04268923223335821,0.025000000000000022,0.049999999999999996,0.07515548868461884,0.10978708166017101,13.937359864766353,34.597687784012386
0.5185569524765015,4584.582377939608,1949.383793174966,0.13832804232804233,0.3247823417186737,0.3112618699669838,comsan,500,5,rated,495,0.9180327868852459,v2,1536,0.25,tf,logreg,2,perch only    (v),pcen,3,False,False,0.6391859168370658,0.7551331109940905,0.8454059829059829,0.6833333333333332,0.15555555555555556,0.7238888888888889,0.45987491190979557,3.5,161.5,0.08498943804645191,0.024443746478459906,0.06055046457951892,1.3597399555105182e-16,0.11097213530798987,0.0978523232248158,0.02615956497365767,3.774917217635375,30.012497396917837
0.5185569524765015,4584.582377939608,1949.383793174966,0.13832804232804233,0.3247823417186737,0.3112618699669838,comsan,500,5,rated,495,0.9180327868852459,v2,1536,0.25,tf,logreg,2,p * v,pcen,3,False,False,0.6639477019453439,0.7087147598918234,0.8911215203784862,0.5888888888888889,0.06666666666666667,0.6659259259259259,0.6215101947860568,16.5,160.0,0.02605255133283448,0.021061721458190123,0.01453105277409881,0.03154949081000154,0.05,0.09353528223421224,0.11775210915223364,10.816653826391969,33.04542328371661
0.5185569524765015,4584.582377939608,1949.383793174966,0.13832804232804233,0.3247823417186737,0.3112618699669838,comsan,500,5,rated,495,0.9180327868852459,v2,1536,0.25,tf,logreg,2,p * sqrt(v),pcen,3,False,False,0.6587257522682544,0.7049636776588365,0.8914020102226338,0.5833333333333334,0.08333333333333333,0.6513425925925925,0.6327633094874474,18.0,157.5,0.026043384608115876,0.022553203237648253,0.052803468188483874,0.00833333333333336,0.05,0.0859785419205391,0.14145013942691684,16.224980739587952,35.46477125261067
0.5185569524765015,4584.582377939608,1949.383793174966,0.13832804232804233,0.3247823417186737,0.3112618699669838,comsan,500,5,rated,495,0.9180327868852459,v2,1536,0.25,tf,logreg,2,sqrt(p) * v,pcen,3,False,False,0.6714542926011804,0.7199454986374659,0.8998867010470386,0.6000000000000001,0.049999999999999996,0.6819444444444445,0.6077978056426332,15.5,163.0,0.027573555376995518,0.023784512892828184,0.025482517855197475,0.022047927592204905,0.028867513459481284,0.09650219485126289,0.1481376406545917,13.6106575888162,30.04995840263344
0.5185569524765015,4584.582377939608,1949.383793174966,0.13832804232804233,0.3247823417186737,0.3112618699669838,comsan,500,5,rated,495,0.9180327868852459,v2,1536,0.25,tf,logreg,2,geo mean sqrt(p*v),pcen,3,False,False,0.6639477019453439,0.7087147598918234,0.8911215203784862,0.5888888888888889,0.06666666666666667,0.6659259259259259,0.6215101947860568,16.5,160.0,0.02605255133283448,0.021061721458190123,0.01453105277409881,0.03154949081000154,0.05,0.09353528223421224,0.11775210915223364,10.816653826391969,33.04542328371661
0.5429401397705078,2914.523883038074,2021.8052269928412,0.09972184429327285,0.40911227464675903,0.3371736630797386,comgre,500,5,rated,495,0.9262295081967213,v2,1536,0.25,tf,logreg,0,stage-1 only  (p),pcen,3,False,False,0.6538552307417548,0.7481199814778492,0.8479735308688574,0.6694444444444444,0.06666666666666667,0.6834490740740741,0.8282593375616631,42.0,103.0,0.06615482521669296,0.042675984972100074,0.03605028489817195,0.04589642122738419,0.06009252125773316,0.03205463583474227,0.19805181928217225,35.082046690579496,64.52325162296147
0.5429401397705078,2914.523883038074,2021.8052269928412,0.09972184429327285,0.40911227464675903,0.3371736630797386,comgre,500,5,rated,495,0.9262295081967213,v2,1536,0.25,tf,logreg,0,perch only    (v),pcen,3,False,False,0.6546620718460371,0.7726055474916653,0.8906567850753898,0.6833333333333332,0.10000000000000002,0.7792361111111111,0.6522510021584953,2.5,100.0,0.020989293938810976,0.012130658589872547,0.05093243474450878,0.014433756729740593,0.049999999999999996,0.03217032158759659,0.14200536893524737,4.330127018922194,59.57348403442592
0.5429401397705078,2914.523883038074,2021.8052269928412,0.09972184429327285,0.40911227464675903,0.3371736630797386,comgre,500,5,rated,495,0.9262295081967213,v2,1536,0.25,tf,logreg,0,p * v,pcen,3,False,False,0.6616801939030678,0.7577141802493915,0.828153580525497,0.6999999999999998,0.061111111111111116,0.7119675925925927,0.8428030303030303,48.0,102.5,0.0592035502173881,0.036461000020352796,0.07959771389548433,0.00833333333333336,0.05091750772173156,0.03049523190990167,0.13640308772750645,50.46781152378217,65.25143676579084
0.5429401397705078,2914.523883038074,2021.8052269928412,0.09972184429327285,0.40911227464675903,0.3371736630797386,comgre,500,5,rated,495,0.9262295081967213,v2,1536,0.25,tf,logreg,0,p * sqrt(v),pcen,3,False,False,0.6582333299916487,0.7515785917054294,0.8328847200961608,0.686111111111111,0.06666666666666667,0.7011342592592592,0.8393984376171412,38.5,102.0,0.06139257694334514,0.0396380946039898,0.07639932267640323,0.020971762320196565,0.06009252125773316,0.031108966733306813,0.11888468068528368,30.162062263711345,65.57247898318317
0.5429401397705078,2914.523883038074,2021.8052269928412,0.09972184429327285,0.40911227464675903,0.3371736630797386,comgre,500,5,rated,495,0.9262295081967213,v2,1536,0.25,tf,logreg,0,sqrt(p) * v,pcen,3,False,False,0.6664606518956274,0.7666356742907912,0.8517093814644623,0.6972222222222223,0.05555555555555555,0.7273842592592592,0.8274044795783926,38.5,102.0,0.056792890006865104,0.03065102122750768,0.04686765239826863,0.020971762320196506,0.053575837561071975,0.033508677512271365,0.161567560203384,42.32906802659373,65.79513659838392
0.5429401397705078,2914.523883038074,2021.8052269928412,0.09972184429327285,0.40911227464675903,0.3371736630797386,comgre,500,5,rated,495,0.9262295081967213,v2,1536,0.25,tf,logreg,0,geo mean sqrt(p*v),pcen,3,False,False,0.6616801939030678,0.7577141802493915,0.828153580525497,0.6999999999999998,0.061111111111111116,0.7119675925925927,0.8428030303030303,48.0,102.5,0.0592035502173881,0.036461000020352796,0.07959771389548433,0.00833333333333336,0.05091750772173156,0.03049523190990167,0.13640308772750645,50.46781152378217,65.25143676579084
0.5429401397705078,2914.523883038074,2021.8052269928412,0.09972184429327285,0.40911227464675903,0.3371736630797386,comgre,500,5,rated,495,0.9262295081967213,v2,1536,0.25,tf,logreg,1,stage-1 only  (p),pcen,3,False,False,0.6080002866485961,0.712719636951087,0.8111154105837092,0.6361111111111111,0.15555555555555556,0.688287037037037,0.7255774938701768,35.5,124.0,0.04275557847477104,0.05037957419415942,0.0741547345522037,0.03849001794597504,0.08221471437193746,0.03420005520054261,0.10266696447710046,27.753378172755834,52.87012388863866
0.5429401397705078,2914.523883038074,2021.8052269928412,0.09972184429327285,0.40911227464675903,0.3371736630797386,comgre,500,5,rated,495,0.9262295081967213,v2,1536,0.25,tf,logreg,1,perch only    (v),pcen,3,False,False,0.6303647334520237,0.7576574369027199,0.8643478260869565,0.6750000000000002,0.1111111111111111,0.7837037037037037,0.7455163883735313,19.5,122.5,0.06711259440786149,0.043353610943894214,0.07333791587904608,0.024999999999999967,0.07876359377087681,0.05045975609925901,0.28331938070622636,24.14021540914662,50.564315480385964
0.5429401397705078,2914.523883038074,2021.8052269928412,0.09972184429327285,0.40911227464675903,0.3371736630797386,comgre,500,5,rated,495,0.9262295081967213,v2,1536,0.25,tf,logreg,1,p * v,pcen,3,False,False,0.6125848967643063,0.7275672422591853,0.82764011587541,0.65,0.12777777777777777,0.7167592592592592,0.7244814915287675,37.0,123.5,0.04750084005687588,0.04680191303786754,0.054620050207874464,0.050689687752485175,0.09179284245476838,0.03254873285226426,0.0822442745214157,31.547583108694713,50.78631705489186
0.5429401397705078,2914.523883038074,2021.8052269928412,0.09972184429327285,0.40911227464675903,0.3371736630797386,comgre,500,5,rated,495,0.9262295081967213,v2,1536,0.25,tf,logreg,1,p * sqrt(v),pcen,3,False,False,0.6091061128025202,0.7217925665966219,0.8098842259814315,0.6527777777777778,0.1388888888888889,0.7054166666666667,0.7474919624972648,33.0,123.0,0.047514843498562005,0.049731074934076636,0.09205333180713525,0.03367876570272816,0.08221471437193746,0.03184192486349318,0.08258473972755913,21.266170318136737,51.59215056575952
0.5429401397705078,2914.523883038074,2021.8052269928412,0.09972184429327285,0.40911227464675903,0.3371736630797386,comgre,500,5,rated,495,0.9262295081967213,v2,1536,0.25,tf,logreg,1,sqrt(p) * v,pcen,3,False,False,0.6183788167884817,0.7366002214839424,0.855103668261563,0.6472222222222223,0.1111111111111111,0.7325925925925927,0.7085911583217311,22.0,123.5,0.046023524445644,0.0431191395958072,0.06630478193429247,0.029265704869035392,0.06309898162000303,0.03699045102561188,0.11551151950545982,23.921747427811372,50.78631705489186
0.5429401397705078,2914.523883038074,2021.8052269928412,0.09972184429327285,0.40911227464675903,0.3371736630797386,comgre,500,5,rated,495,0.9262295081967213,v2,1536,0.25,tf,logreg,1,geo mean sqrt(p*v),pcen,3,False,False,0.6125848967643063,0.7275672422591853,0.82764011587541,0.65,0.12777777777777777,0.7167592592592592,0.7244814915287675,37.0,123.5,0.04750084005687588,0.04680191303786754,0.054620050207874464,0.050689687752485175,0.09179284245476838,0.03254873285226426,0.0822442745214157,31.547583108694713,50.78631705489186
0.5429401397705078,2914.523883038074,2021.8052269928412,0.09972184429327285,0.40911227464675903,0.3371736630797386,comgre,500,5,rated,495,0.9262295081967213,v2,1536,0.25,tf,logreg,2,stage-1 only  (p),pcen,3,False,False,0.6272361977136388,0.7248396226040636,0.8029730684098562,0.6611111111111111,0.11666666666666665,0.6884722222222223,0.7829457364341085,38.5,133.0,0.04458546671249796,0.02117227202190368,0.04594682070526812,0.004811252243246865,0.08819171036881969,0.014500924566095938,0.1164727069869513,37.41991448413532,59.57348403442592
0.5429401397705078,2914.523883038074,2021.8052269928412,0.09972184429327285,0.40911227464675903,0.3371736630797386,comgre,500,5,rated,495,0.9262295081967213,v2,1536,0.25,tf,logreg,2,perch only    (v),pcen,3,False,False,0.6506935227129702,0.7660557243508389,0.8718224304320515,0.6833333333333332,0.11666666666666665,0.7805555555555556,0.7536231884057972,7.0,129.0,0.06213369673417237,0.04396368841123059,0.03967008302356226,0.046398036356916854,0.05773502691896257,0.01820279176627641,0.15074379755590375,6.06217782649107,53.895732669665044
0.5429401397705078,2914.523883038074,2021.8052269928412,0.09972184429327285,0.40911227464675903,0.3371736630797386,comgre,500,5,rated,495,0.9262295081967213,v2,1536,0.25,tf,logreg,2,p * v,pcen,3,False,False,0.6376697359912282,0.7313989288774111,0.8396324151041132,0.6527777777777778,0.09999999999999999,0.7175462962962964,0.7156189221406614,20.0,131.5,0.04622208872000716,0.021091477113789073,0.09112189165072307,0.039381796885438435,0.07637626158259733,0.01672938623151274,0.08933673523134339,8.261355820929152,60.5660796155736
0.5429401397705078,2914.523883038074,2021.8052269928412,0.09972184429327285,0.40911227464675903,0.3371736630797386,comgre,500,5,rated,495,0.9262295081967213,v2,1536,0.25,tf,logreg,2,p * sqrt(v),pcen,3,False,False,0.6323074749561584,0.7290365448844206,0.8095658258619921,0.6638888888888889,0.10555555555555556,0.7043981481481482,0.7844432699083862,34.5,131.5,0.04477132718313732,0.019962087483349843,0.049541523231414954,0.004811252243246865,0.08552669065744807,0.013977897658173994,0.11215176961054488,32.89756829919196,60.5660796155736
0.5429401397705078,2914.523883038074,2021.8052269928412,0.09972184429327285,0.40911227464675903,0.3371736630797386,comgre,500,5,rated,495,0.9262295081967213,v2,1536,0.25,tf,logreg,2,sqrt(p) * v,pcen,3,False,False,0.6457412058379657,0.7431710116412527,0.8450123515817993,0.6638888888888889,0.07777777777777778,0.7322222222222222,0.747556454330974,38.5,130.5,0.045246200672916494,0.024406148499180328,0.026246941989131314,0.03367876570272818,0.041943524640393054,0.020124396126205722,0.1324573489037124,46.28984769903656,61.28009464744649
0.5429401397705078,2914.523883038074,2021.8052269928412,0.09972184429327285,0.40911227464675903,0.3371736630797386,comgre,500,5,rated,495,0.9262295081967213,v2,1536,0.25,tf,logreg,2,geo mean sqrt(p*v),pcen,3,False,False,0.6376697359912282,0.7313989288774111,0.8396324151041132,0.6527777777777778,0.09999999999999999,0.7175462962962964,0.7156189221406614,20.0,131.5,0.04622208872000716,0.021091477113789073,0.09112189165072307,0.039381796885438435,0.07637626158259733,0.01672938623151274,0.08933673523134339,8.261355820929152,60.5660796155736
0.4505729377269745,2854.1290495845924,2179.826753368417,0.04928495842781558,0.4524989426136017,0.4225713834166527,eaywag1,500,5,rated,495,0.8524590163934426,v2,1536,0.25,tf,logreg,0,stage-1 only  (p),pcen,3,False,False,0.5664714929884483,0.6321261641693936,0.690959673184444,0.5833333333333334,0.37777777777777777,0.5494212962962963,0.9160249915569064,54.0,367.5,0.042286614530688785,0.04199857472228785,0.04170803948726753,0.04999999999999999,0.13574213025411797,0.025324126971980797,0.12385395953369209,40.8319727664486,151.94489132576982
0.4505729377269745,2854.1290495845924,2179.826753368417,0.04928495842781558,0.4524989426136017,0.4225713834166527,eaywag1,500,5,rated,495,0.8524590163934426,v2,1536,0.25,tf,logreg,0,perch only    (v),pcen,3,False,False,0.5143688344226465,0.6446219380053244,0.6626276614159599,0.6305555555555556,0.4777777777777777,0.7745138888888888,0.5502517576985663,15.5,368.5,0.13996210397999742,0.10368368075820847,0.1419260082314449,0.06735753140545633,0.3823659290571058,0.052055872390237026,0.20971600256730746,12.12435565298214,150.22732774032826
0.4505729377269745,2854.1290495845924,2179.826753368417,0.04928495842781558,0.4524989426136017,0.4225713834166527,eaywag1,500,5,rated,495,0.8524590163934426,v2,1536,0.25,tf,logreg,0,p * v,pcen,3,False,False,0.579765206515667,0.6402963010062154,0.6830666785479939,0.6166666666666667,0.3499999999999999,0.5890972222222222,0.8717553688141922,55.5,367.5,0.0653109003150564,0.04965340856778156,0.06549603196652555,0.12275766552213531,0.10137937550497034,0.03344909009354989,0.19463677363463014,33.974254958718376,149.57188907010567
0.4505729377269745,2854.1290495845924,2179.826753368417,0.04928495842781558,0.4524989426136017,0.4225713834166527,eaywag1,500,5,rated,495,0.8524590163934426,v2,1536,0.25,tf,logreg,0,p * sqrt(v),pcen,3,False,False,0.5725311906905057,0.6372119256493708,0.6849059169524652,0.6027777777777777,0.3611111111111111,0.5708101851851852,0.8866640909237257,56.5,368.0,0.05732560880434587,0.04568864896244324,0.05009392387441235,0.09217033346131694,0.12056963563450393,0.0292569974659083,0.14818967249453557,34.41293361513953,149.8974649552153
0.4505729377269745,2854.1290495845924,2179.826753368417,0.04928495842781558,0.4524989426136017,0.4225713834166527,eaywag1,500,5,rated,495,0.8524590163934426,v2,1536,0.25,tf,logreg,0,sqrt(p) * v,pcen,3,False,False,0.5987245272558417,0.6515093647960201,0.6902010681696277,0.6194444444444444,0.33888888888888885,0.6197916666666666,0.9132732732732731,54.5,367.5,0.06799703325567907,0.05136525243304238,0.06036327432141637,0.06735753140545633,0.1109721353079899,0.03970746860820527,0.07679784319582386,38.720149793098685,149.57188907010567
0.4505729377269745,2854.1290495845924,2179.826753368417,0.04928495842781558,0.4524989426136017,0.4225713834166527,eaywag1,500,5,rated,495,0.8524590163934426,v2,1536,0.25,tf,logreg,0,geo mean sqrt(p*v),pcen,3,False,False,0.579765206515667,0.6402963010062154,0.6830666785479939,0.6166666666666667,0.3499999999999999,0.5890972222222222,0.8717553688141922,55.5,367.5,0.0653109003150564,0.04965340856778156,0.06549603196652555,0.12275766552213531,0.10137937550497034,0.03344909009354989,0.19463677363463014,33.974254958718376,149.57188907010567
0.4505729377269745,2854.1290495845924,2179.826753368417,0.04928495842781558,0.4524989426136017,0.4225713834166527,eaywag1,500,5,rated,495,0.8524590163934426,v2,1536,0.25,tf,logreg,1,stage-1 only  (p),pcen,3,False,False,0.5341643140857557,0.6074136425988278,0.6106526648599818,0.6111111111111112,0.5555555555555557,0.550625,0.8815281668222844,65.5,528.0,0.04694022014411642,0.04082058774412925,0.0970540069391703,0.02678791878053602,0.1436946350708618,0.033567105605096556,0.04528469234191379,21.754309917807092,191.78894650109532
0.4505729377269745,2854.1290495845924,2179.826753368417,0.04928495842781558,0.4524989426136017,0.4225713834166527,eaywag1,500,5,rated,495,0.8524590163934426,v2,1536,0.25,tf,logreg,1,perch only    (v),pcen,3,False,False,0.44799096788252046,0.5955293649331078,0.592246227363818,0.6027777777777777,0.65,0.7616435185185185,0.2722609368950832,7.0,528.5,0.060634605386974405,0.054355080105295425,0.07327344968211408,0.06735753140545638,0.1922093765778466,0.032589378326879935,0.21467061370133014,9.643650760992955,193.0537489923467
0.4505729377269745,2854.1290495845924,2179.826753368417,0.04928495842781558,0.4524989426136017,0.4225713834166527,eaywag1,500,5,rated,495,0.8524590163934426,v2,1536,0.25,tf,logreg,1,p * v,pcen,3,False,False,0.5498154081478085,0.6192999722411487,0.6270473152883476,0.6166666666666667,0.5166666666666667,0.5894212962962962,0.8754436254436255,61.0,527.5,0.04908516046303293,0.041033490612034144,0.088532376402307,0.025000000000000022,0.1641476300299351,0.036302665906992757,0.09599140390869348,25.20416632225712,193.67046754732638
0.4505729377269745,2854.1290495845924,2179.826753368417,0.04928495842781558,0.4524989426136017,0.4225713834166527,eaywag1,500,5,rated,495,0.8524590163934426,v2,1536,0.25,tf,logreg,1,p * sqrt(v),pcen,3,False,False,0.5422589528648966,0.616234993614304,0.6175679324615494,0.6222222222222222,0.5333333333333333,0.5732175925925925,0.8676247676247676,65.5,528.0,0.04634729321683702,0.043686122372706436,0.10439750711497318,0.017347216662217817,0.15275252316519466,0.036023286185934554,0.052479297095716713,23.44674817538671,193.8891435846783
0.4505729377269745,2854.1290495845924,2179.826753368417,0.04928495842781558,0.4524989426136017,0.4225713834166527,eaywag1,500,5,rated,495,0.8524590163934426,v2,1536,0.25,tf,logreg,1,sqrt(p) * v,pcen,3,False,False,0.5651261090347036,0.6284450461684993,0.6437435481253043,0.6166666666666667,0.4611111111111111,0.6203472222222223,0.8647688386060478,53.5,527.5,0.04979301872504945,0.03590908549326606,0.07735858403934026,0.0,0.1750661250732081,0.035455928673303966,0.06570898156707679,24.84451649760969,193.67046754732638
0.4505729377269745,2854.1290495845924,2179.826753368417,0.04928495842781558,0.4524989426136017,0.4225713834166527,eaywag1,500,5,rated,495,0.8524590163934426,v2,1536,0.25,tf,logreg,1,geo mean sqrt(p*v),pcen,3,False,False,0.5498154081478085,0.6192999722411487,0.6270473152883476,0.6166666666666667,0.5166666666666667,0.5894212962962962,0.8754436254436255,61.0,527.5,0.04908516046303293,0.041033490612034144,0.088532376402307,0.025000000000000022,0.1641476300299351,0.036302665906992757,0.09599140390869348,25.20416632225712,193.67046754732638
0.4505729377269745,2854.1290495845924,2179.826753368417,0.04928495842781558,0.4524989426136017,0.4225713834166527,eaywag1,500,5,rated,495,0.8524590163934426,v2,1536,0.25,tf,logreg,2,stage-1 only  (p),pcen,3,False,False,0.566848562685328,0.6326470322401009,0.6305202178194879,0.6499999999999999,0.39444444444444443,0.5350694444444444,0.9153856595066002,67.0,517.5,0.04174945770365086,0.02327171301046207,0.07269487557596506,0.10103629710818454,0.14938144066387501,0.02119182305035438,0.10288808116235114,9.16515138991168,47.148700936505136
0.4505729377269745,2854.1290495845924,2179.826753368417,0.04928495842781558,0.4524989426136017,0.4225713834166527,eaywag1,500,5,rated,495,0.8524590163934426,v2,1536,0.25,tf,logreg,2,perch only    (v),pcen,3,False,False,0.4995385404330766,0.6305106470194158,0.6428165468559416,0.6194444444444445,0.5111111111111112,0.7240509259259259,0.4385387488328665,13.0,515.5,0.08405155468142868,0.07367252565016473,0.07437010280958951,0.07742977702647977,0.17506612507320815,0.01827976883222732,0.3160702190272864,11.651180197731044,47.4894725176012
0.4505729377269745,2854.1290495845924,2179.826753368417,0.04928495842781558,0.4524989426136017,0.4225713834166527,eaywag1,500,5,rated,495,0.8524590163934426,v2,1536,0.25,tf,logreg,2,p * v,pcen,3,False,False,0.5828030972429651,0.6421851961768017,0.6739355296915722,0.6277777777777778,0.35000000000000003,0.5796527777777778,0.9505443619653587,57.0,515.0,0.052281291697562224,0.021231322398370576,0.07607422621728775,0.1028528254531868,0.07264831572567791,0.024965639968010944,0.07695379008542608,39.94058086708304,47.65501022977542
0.4505729377269745,2854.1290495845924,2179.826753368417,0.04928495842781558,0.4524989426136017,0.4225713834166527,eaywag1,500,5,rated,495,0.8524590163934426,v2,1536,0.25,tf,logreg,2,p * sqrt(v),pcen,3,False,False,0.5742358209975018,0.634891448494337,0.6426493434253134,0.638888888888889,0.39999999999999997,0.558587962962963,0.9388888888888888,64.0,517.0,0.048944568650941975,0.02138501731085728,0.062374167477667206,0.09366508500048537,0.13017082793177762,0.020233176469381966,0.05357583756107201,42.06245356609621,46.119410230400824
0.4505729377269745,2854.1290495845924,2179.826753368417,0.04928495842781558,0.4524989426136017,0.4225713834166527,eaywag1,500,5,rated,495,0.8524590163934426,v2,1536,0.25,tf,logreg,2,sqrt(p) * v,pcen,3,False,False,0.6046568206826938,0.656687323758935,0.6928451178451178,0.6333333333333334,0.29444444444444445,0.6111342592592592,0.9082462253193961,49.0,515.0,0.04904304985322567,0.022230261025815726,0.061000574824327754,0.08457409637576847,0.04194352464039305,0.03304631445678857,0.11040862019708768,37.986839826445156,46.3869593743759
0.4505729377269745,2854.1290495845924,2179.826753368417,0.04928495842781558,0.4524989426136017,0.4225713834166527,eaywag1,500,5,rated,495,0.8524590163934426,v2,1536,0.25,tf,logreg,2,geo mean sqrt(p*v),pcen,3,False,False,0.5828030972429651,0.6421851961768017,0.6739355296915722,0.6277777777777778,0.35000000000000003,0.5796527777777778,0.9505443619653587,57.0,515.0,0.052281291697562224,0.021231322398370576,0.07607422621728775,0.1028528254531868,0.07264831572567791,0.024965639968010944,0.07695379008542608,39.94058086708304,47.65501022977542
0.5133482217788696,3164.917585983019,2538.3620682852443,0.014588057445200302,0.4797363579273224,0.3355615362524986,commoo3,500,5,rated,495,0.9262295081967213,v2,1536,0.25,tf,logreg,0,stage-1 only  (p),pcen,3,False,False,0.5851576069421865,0.6724406560416721,0.758830152662089,0.6111111111111112,0.19444444444444445,0.6304861111111112,0.8609348041107251,52.0,172.0,0.0422262277611907,0.03056765040510304,0.11599741377921981,0.03367876570272818,0.09179284245476835,0.028948589487802927,0.08028651964501128,8.261355820929152,64.69737243505334
0.5133482217788696,3164.917585983019,2538.3620682852443,0.014588057445200302,0.4797363579273224,0.3355615362524986,commoo3,500,5,rated,495,0.9262295081967213,v2,1536,0.25,tf,logreg,0,perch only    (v),pcen,3,False,False,0.6127210406220672,0.7096132385720105,0.8873388049858638,0.5916666666666667,0.12222222222222223,0.7520138888888889,0.3237810435178856,1.5,174.5,0.04386483413097734,0.028413559635656536,0.01349802543343952,0.03632415786283894,0.034694433324435545,0.03701564775891878,0.19112600549785524,1.5,64.73214039408862
0.5133482217788696,3164.917585983019,2538.3620682852443,0.014588057445200302,0.4797363579273224,0.3355615362524986,commoo3,500,5,rated,495,0.9262295081967213,v2,1536,0.25,tf,logreg,0,p * v,pcen,3,False,False,0.6038646094781485,0.6823111828031357,0.7573438142334296,0.6277777777777778,0.18888888888888888,0.6640046296296296,0.8580349420515482,53.0,173.0,0.03187205885830026,0.029783915266449253,0.10939846385398931,0.03367876570272818,0.08388704928078611,0.02804088358563931,0.06723358139501427,9.041570660012562,64.06832290609768
0.5133482217788696,3164.917585983019,2538.3620682852443,0.014588057445200302,0.4797363579273224,0.3355615362524986,commoo3,500,5,rated,495,0.9262295081967213,v2,1536,0.25,tf,logreg,0,p * sqrt(v),pcen,3,False,False,0.5953892248888198,0.6744163309609464,0.7061665463539488,0.6472222222222223,0.18888888888888888,0.6518287037037037,0.890514184397163,104.5,172.0,0.03482752190226887,0.026437558020516987,0.04429989108561388,0.03757708127352415,0.1004618962223618,0.028164780965441113,0.0486115602097574,77.71582850359378,63.23764701504951
0.5133482217788696,3164.917585983019,2538.3620682852443,0.014588057445200302,0.4797363579273224,0.3355615362524986,commoo3,500,5,rated,495,0.9262295081967213,v2,1536,0.25,tf,logreg,0,sqrt(p) * v,pcen,3,False,False,0.6115916866123451,0.6895658465940288,0.766070931215601,0.6277777777777778,0.14444444444444446,0.6815509259259259,0.8114600923111562,69.5,173.5,0.03121454411392043,0.032843525468248515,0.022086932163564995,0.04589642122738419,0.09765775461803859,0.029796225801541704,0.06379311252697621,54.17333292312741,64.69737243505334
0.5133482217788696,3164.917585983019,2538.3620682852443,0.014588057445200302,0.4797363579273224,0.3355615362524986,commoo3,500,5,rated,495,0.9262295081967213,v2,1536,0.25,tf,logreg,0,geo mean sqrt(p*v),pcen,3,False,False,0.6038646094781485,0.6823111828031357,0.7573438142334296,0.6277777777777778,0.18888888888888888,0.6640046296296296,0.8580349420515482,53.0,173.0,0.03187205885830026,0.029783915266449253,0.10939846385398931,0.03367876570272818,0.08388704928078611,0.02804088358563931,0.06723358139501427,9.041570660012562,64.06832290609768
0.5133482217788696,3164.917585983019,2538.3620682852443,0.014588057445200302,0.4797363579273224,0.3355615362524986,commoo3,500,5,rated,495,0.9262295081967213,v2,1536,0.25,tf,logreg,1,stage-1 only  (p),pcen,3,False,False,0.5906152997444899,0.6817610522943123,0.7544455321627281,0.6222222222222222,0.14444444444444446,0.6344212962962963,0.8572793319809406,53.5,157.5,0.03021419321104166,0.018207056085177222,0.01886571600716907,0.025458753860865796,0.04194352464039305,0.03669613802271153,0.11105393507411779,34.2819194328439,45.39823785126467
0.5133482217788696,3164.917585983019,2538.3620682852443,0.014588057445200302,0.4797363579273224,0.3355615362524986,commoo3,500,5,rated,495,0.9262295081967213,v2,1536,0.25,tf,logreg,1,perch only    (v),pcen,3,False,False,0.5972113256236592,0.7074122665874528,0.8736719028010776,0.5944444444444446,0.13888888888888887,0.7634490740740741,0.29742459851155506,0.0,157.0,0.027313755776356863,0.01999102525599446,0.026382400849916176,0.01924500897298752,0.03469443332443554,0.033609700192302513,0.16376584436324831,0.0,44.556144357428416
0.5133482217788696,3164.917585983019,2538.3620682852443,0.014588057445200302,0.4797363579273224,0.3355615362524986,commoo3,500,5,rated,495,0.9262295081967213,v2,1536,0.25,tf,logreg,1,p * v,pcen,3,False,False,0.6081309345650153,0.6872672518925599,0.7755535782093933,0.6194444444444445,0.14444444444444446,0.6681712962962963,0.8128038961549034,43.0,156.5,0.030220153730429623,0.011646632807212535,0.05240602713756567,0.03154949081000151,0.03849001794597504,0.03336271371085186,0.15226349621863827,19.345542122153102,48.054656382082264
0.5133482217788696,3164.917585983019,2538.3620682852443,0.014588057445200302,0.4797363579273224,0.3355615362524986,commoo3,500,5,rated,495,0.9262295081967213,v2,1536,0.25,tf,logreg,1,p * sqrt(v),pcen,3,False,False,0.6023641495771819,0.6870235620235622,0.7689393939393939,0.6222222222222222,0.13888888888888887,0.6552546296296297,0.8310003534817957,51.0,156.0,0.02904853253669264,0.014024438332475927,0.03594947710542114,0.029265704869035392,0.03469443332443554,0.035575375154547985,0.1318709924244325,32.69174207655505,45.76843890717707
0.5133482217788696,3164.917585983019,2538.3620682852443,0.014588057445200302,0.4797363579273224,0.3355615362524986,commoo3,500,5,rated,495,0.9262295081967213,v2,1536,0.25,tf,logreg,1,sqrt(p) * v,pcen,3,False,False,0.6180255639552267,0.6950871200448345,0.8084865677853373,0.6138888888888888,0.10000000000000002,0.6858564814814815,0.7826238576238574,32.0,157.0,0.0299916183123228,0.011942726820531551,0.07251578562390577,0.041943524640393075,0.03333333333333333,0.032006456516535164,0.1720199288067892,9.526279441628825,47.44206993797804
0.5133482217788696,3164.917585983019,2538.3620682852443,0.014588057445200302,0.4797363579273224,0.3355615362524986,commoo3,500,5,rated,495,0.9262295081967213,v2,1536,0.25,tf,logreg,1,geo mean sqrt(p*v),pcen,3,False,False,0.6081309345650153,0.6872672518925599,0.7755535782093933,0.6194444444444445,0.14444444444444446,0.6681712962962963,0.8128038961549034,43.0,156.5,0.030220153730429623,0.011646632807212535,0.05240602713756567,0.03154949081000151,0.03849001794597504,0.03336271371085186,0.15226349621863827,19.345542122153102,48.054656382082264
0.5133482217788696,3164.917585983019,2538.3620682852443,0.014588057445200302,0.4797363579273224,0.3355615362524986,commoo3,500,5,rated,495,0.9262295081967213,v2,1536,0.25,tf,logreg,2,stage-1 only  (p),pcen,3,False,False,0.5595322927931516,0.6589732551499173,0.6926614987080103,0.6388888888888888,0.2111111111111111,0.619837962962963,0.8873015873015873,92.5,185.5,0.04425058162857801,0.02786552382492566,0.11593606601900076,0.04110735718596871,0.1548595540529595,0.02170184258784997,0.07564287338059586,46.48386816950586,51.64300533470143
0.5133482217788696,3164.917585983019,2538.3620682852443,0.014588057445200302,0.4797363579273224,0.3355615362524986,commoo3,500,5,rated,495,0.9262295081967213,v2,1536,0.25,tf,logreg,2,perch only    (v),pcen,3,False,False,0.5873339707937265,0.6999195365890069,0.8401840010405137,0.6,0.12222222222222223,0.7336342592592593,0.5251984126984127,18.0,186.0,0.040054070367310256,0.024548344032396995,0.012070854633980152,0.030046260628866582,0.05091750772173155,0.010057783797521955,0.1629869441186527,17.298843892006193,53.895732669665044
0.5133482217788696,3164.917585983019,2538.3620682852443,0.014588057445200302,0.4797363579273224,0.3355615362524986,commoo3,500,5,rated,495,0.9262295081967213,v2,1536,0.25,tf,logreg,2,p * v,pcen,3,False,False,0.5806939091543135,0.6683337712767511,0.7794260725560213,0.5916666666666667,0.18888888888888888,0.6515509259259259,0.8092796092796092,50.5,185.0,0.03289234110314528,0.03167167354276445,0.12258799415281438,0.028867513459481315,0.1417483424685897,0.020031362048921662,0.08284895926179907,24.387496796514398,53.58871149785186
0.5133482217788696,3164.917585983019,2538.3620682852443,0.014588057445200302,0.4797363579273224,0.3355615362524986,commoo3,500,5,rated,495,0.9262295081967213,v2,1536,0.25,tf,logreg,2,p * sqrt(v),pcen,3,False,False,0.5724182648756898,0.6631991557364693,0.7930041152263373,0.5722222222222223,0.19444444444444442,0.6384490740740741,0.8202395577395577,39.0,184.0,0.03705096109035849,0.030596382568039013,0.08424361844008649,0.01924500897298752,0.13877773329774218,0.02158866092071929,0.1129531014269316,9.836157786453,51.882077830403055
0.5133482217788696,3164.917585983019,2538.3620682852443,0.014588057445200302,0.4797363579273224,0.3355615362524986,commoo3,500,5,rated,495,0.9262295081967213,v2,1536,0.25,tf,logreg,2,sqrt(p) * v,pcen,3,False,False,0.5907369305214437,0.6783802683820265,0.7959732143427107,0.5944444444444444,0.16666666666666666,0.6683564814814815,0.803604607952434,40.5,183.0,0.03159737498838918,0.029917337099510298,0.10149504784100138,0.00962250448649373,0.11666666666666667,0.018149904842226908,0.07281949674821565,10.816653826391969,55.863673348608216
0.5133482217788696,3164.917585983019,2538.3620682852443,0.014588057445200302,0.4797363579273224,0.3355615362524986,commoo3,500,5,rated,495,0.9262295081967213,v2,1536,0.25,tf,logreg,2,geo mean sqrt(p*v),pcen,3,False,False,0.5806939091543135,0.6683337712767511,0.7794260725560213,0.5916666666666667,0.18888888888888888,0.6515509259259259,0.8092796092796092,50.5,185.0,0.03289234110314528,0.03167167354276445,0.12258799415281438,0.028867513459481315,0.1417483424685897,0.020031362048921662,0.08284895926179907,24.387496796514398,53.58871149785186
0.42101749777793884,4391.683430254364,2362.291280833053,0.054802721088435376,0.32720619440078735,0.31346770375967026,comkin1,500,5,rated,495,0.8934426229508197,v2,1536,0.25,tf,logreg,0,stage-1 only  (p),pcen,3,False,False,0.621931495458682,0.6618701745465979,0.7171725109191357,0.6277777777777778,0.3277777777777778,0.6203009259259259,0.7943537302765407,84.0,264.0,0.12154782821242562,0.09422616297204417,0.15831985844592722,0.09477067838462207,0.3874178527024698,0.015520846279719506,0.07374198872178,78.689262291624,82.82662615367114
0.42101749777793884,4391.683430254364,2362.291280833053,0.054802721088435376,0.32720619440078735,0.31346770375967026,comkin1,500,5,rated,495,0.8934426229508197,v2,1536,0.25,tf,logreg,0,perch only    (v),pcen,3,False,False,0.6178213319111185,0.7104880270778887,0.7087672955974842,0.725,0.3055555555555556,0.8318287037037037,0.22649616368286443,37.0,257.0,0.15728676112910414,0.11279856645363975,0.1916946082480552,0.030046260628866582,0.2936046724827514,0.03636624171567133,0.040076677378837626,27.83433131943356,83.8436044072534
0.42101749777793884,4391.683430254364,2362.291280833053,0.054802721088435376,0.32720619440078735,0.31346770375967026,comkin1,500,5,rated,495,0.8934426229508197,v2,1536,0.25,tf,logreg,0,p * v,pcen,3,False,False,0.6298872929572399,0.674157146662687,0.733035914074737,0.6333333333333333,0.2833333333333333,0.6751157407407408,0.7943766937669378,76.0,263.5,0.13780319218822987,0.09396005542819065,0.14809487510498892,0.08819171036881966,0.37859388972001823,0.01553358029462448,0.04579189054076704,66.91972803292016,82.28608630868283
0.42101749777793884,4391.683430254364,2362.291280833053,0.054802721088435376,0.32720619440078735,0.31346770375967026,comkin1,500,5,rated,495,0.8934426229508197,v2,1536,0.25,tf,logreg,0,p * sqrt(v),pcen,3,False,False,0.6230192647721506,0.667081994674002,0.721344644337185,0.6277777777777778,0.32222222222222224,0.6531250000000001,0.8067632850241546,79.5,263.5,0.13601902690685544,0.09542168900674086,0.14812144455581125,0.07742977702647977,0.3779819709594234,0.01343871118572512,0.04919181607346919,67.36653471865687,82.28608630868283
0.42101749777793884,4391.683430254364,2362.291280833053,0.054802721088435376,0.32720619440078735,0.31346770375967026,comkin1,500,5,rated,495,0.8934426229508197,v2,1536,0.25,tf,logreg,0,sqrt(p) * v,pcen,3,False,False,0.6430501163150674,0.6875533100168535,0.7682807704814748,0.6388888888888888,0.21666666666666667,0.7034953703703702,0.6978375891419368,66.5,263.5,0.13843159821242362,0.09601982418897612,0.18980053434399638,0.07561476438231222,0.30413812651491096,0.013761978041293808,0.07427818437518156,55.36469994500106,82.28608630868283
0.42101749777793884,4391.683430254364,2362.291280833053,0.054802721088435376,0.32720619440078735,0.31346770375967026,comkin1,500,5,rated,495,0.8934426229508197,v2,1536,0.25,tf,logreg,0,geo mean sqrt(p*v),pcen,3,False,False,0.6298872929572399,0.674157146662687,0.733035914074737,0.6333333333333333,0.2833333333333333,0.6751157407407408,0.7943766937669378,76.0,263.5,0.13780319218822987,0.09396005542819065,0.14809487510498892,0.08819171036881966,0.37859388972001823,0.01553358029462448,0.04579189054076704,66.91972803292016,82.28608630868283
0.42101749777793884,4391.683430254364,2362.291280833053,0.054802721088435376,0.32720619440078735,0.31346770375967026,comkin1,500,5,rated,495,0.8934426229508197,v2,1536,0.25,tf,logreg,1,stage-1 only  (p),pcen,3,False,False,0.6777451592613799,0.7010139019214999,0.7333556670658227,0.6805555555555555,0.2111111111111111,0.6228240740740741,0.8047155069399761,82.0,364.0,0.07384108304080785,0.06595534782345473,0.11739192823164629,0.06988747569671737,0.1539600717839002,0.014265777580609618,0.09077584138815863,67.63874629234341,139.63165830140383
0.42101749777793884,4391.683430254364,2362.291280833053,0.054802721088435376,0.32720619440078735,0.31346770375967026,comkin1,500,5,rated,495,0.8934426229508197,v2,1536,0.25,tf,logreg,1,perch only    (v),pcen,3,False,False,0.6469303015066592,0.6976596102084903,0.651862499385719,0.763888888888889,0.2611111111111111,0.8291203703703705,0.23280761579994316,59.0,360.5,0.10320368193862134,0.08841329770562276,0.15240133431204342,0.012729376930432905,0.2168802366215904,0.032647186691479445,0.052455796712888046,16.522711641858304,143.28206447423906
0.42101749777793884,4391.683430254364,2362.291280833053,0.054802721088435376,0.32720619440078735,0.31346770375967026,comkin1,500,5,rated,495,0.8934426229508197,v2,1536,0.25,tf,logreg,1,p * v,pcen,3,False,False,0.7079175470664282,0.7198255389112167,0.7513660068744814,0.6916666666666668,0.17777777777777778,0.6796759259259259,0.7895256916996046,83.0,362.5,0.0623391091502588,0.06199652870027529,0.07105532877459814,0.06009252125773311,0.1397749513934347,0.025660669743945066,0.08887239933516745,77.42577090349182,136.63454907160195
0.42101749777793884,4391.683430254364,2362.291280833053,0.054802721088435376,0.32720619440078735,0.31346770375967026,comkin1,500,5,rated,495,0.8934426229508197,v2,1536,0.25,tf,logreg,1,p * sqrt(v),pcen,3,False,False,0.696571424699456,0.7090367177703424,0.7433702815965813,0.6777777777777777,0.19444444444444442,0.6588425925925926,0.8152017065060543,88.5,362.0,0.06752794255667578,0.06121536932738595,0.058707132251660445,0.06309898162000305,0.1397749513934347,0.02392503053091779,0.10499780274866342,85.6314778571525,135.069426592401
0.42101749777793884,4391.683430254364,2362.291280833053,0.054802721088435376,0.32720619440078735,0.31346770375967026,comkin1,500,5,rated,495,0.8934426229508197,v2,1536,0.25,tf,logreg,1,sqrt(p) * v,pcen,3,False,False,0.7183655583289577,0.7347740117948088,0.8032287517400795,0.6777777777777777,0.15555555555555556,0.7125462962962964,0.7006713093669615,60.5,364.5,0.06197186308722436,0.05815841045284841,0.06356883241269469,0.05912165737164658,0.12056963563450392,0.025462952441075302,0.12990584481418885,59.705527382311935,139.71757226634023
0.42101749777793884,4391.683430254364,2362.291280833053,0.054802721088435376,0.32720619440078735,0.31346770375967026,comkin1,500,5,rated,495,0.8934426229508197,v2,1536,0.25,tf,logreg,1,geo mean sqrt(p*v),pcen,3,False,False,0.7079175470664282,0.7198255389112167,0.7513660068744814,0.6916666666666668,0.17777777777777778,0.6796759259259259,0.7895256916996046,83.0,362.5,0.0623391091502588,0.06199652870027529,0.07105532877459814,0.06009252125773311,0.1397749513934347,0.025660669743945066,0.08887239933516745,77.42577090349182,136.63454907160195
0.42101749777793884,4391.683430254364,2362.291280833053,0.054802721088435376,0.32720619440078735,0.31346770375967026,comkin1,500,5,rated,495,0.8934426229508197,v2,1536,0.25,tf,logreg,2,stage-1 only  (p),pcen,3,False,False,0.5806845913479809,0.6471209773264629,0.7154615379855324,0.5972222222222222,0.39444444444444443,0.6213888888888889,0.7495143745143746,68.0,470.0,0.1822068482334025,0.11957219327621212,0.2062774741082455,0.06472877887628357,0.3952261424851647,0.025659134897804022,0.09032837679735554,35.188776619825816,94.58726129876052
0.42101749777793884,4391.683430254364,2362.291280833053,0.054802721088435376,0.32720619440078735,0.31346770375967026,comkin1,500,5,rated,495,0.8934426229508197,v2,1536,0.25,tf,logreg,2,perch only    (v),pcen,3,False,False,0.5930513591853163,0.6871761780622737,0.6814894532931554,0.7027777777777778,0.4055555555555556,0.8196296296296296,0.20574612823852945,66.5,456.0,0.17752457336229718,0.12392832623774948,0.1921824051549294,0.06938886664887108,0.3457412862778136,0.020158674827028992,0.050358944832281066,17.89553016817328,100.90218035305283
0.42101749777793884,4391.683430254364,2362.291280833053,0.054802721088435376,0.32720619440078735,0.31346770375967026,comkin1,500,5,rated,495,0.8934426229508197,v2,1536,0.25,tf,logreg,2,p * v,pcen,3,False,False,0.5980620306908164,0.66464882956598,0.7474402117826534,0.6027777777777777,0.29444444444444445,0.6772685185185185,0.7150639011104126,57.5,467.5,0.18189199705220158,0.11146735171276971,0.1688521325288797,0.0898816093742413,0.27605018330677433,0.031208099481561342,0.151588293608415,33.417809623013895,97.12234552357145
0.42101749777793884,4391.683430254364,2362.291280833053,0.054802721088435376,0.32720619440078735,0.31346770375967026,comkin1,500,5,rated,495,0.8934426229508197,v2,1536,0.25,tf,logreg,2,p * sqrt(v),pcen,3,False,False,0.5916675915801183,0.65775441991776,0.7311185115494959,0.6027777777777777,0.33888888888888885,0.6572222222222223,0.7289059672780601,63.0,467.5,0.1828374451603316,0.11895088021383568,0.1847138018501917,0.0898816093742413,0.32674035450072475,0.02990242619909949,0.1528586229131723,39.08644266238615,95.63994981178107
0.42101749777793884,4391.683430254364,2362.291280833053,0.054802721088435376,0.32720619440078735,0.31346770375967026,comkin1,500,5,rated,495,0.8934426229508197,v2,1536,0.25,tf,logreg,2,sqrt(p) * v,pcen,3,False,False,0.6101862736815398,0.6794058877419262,0.7448847448847449,0.6277777777777778,0.2722222222222222,0.7047222222222222,0.7064620564620565,67.5,463.0,0.1793057785084635,0.11098274860590192,0.15553671803248623,0.0914137926216907,0.2770546142175929,0.027133856010071806,0.16788111144482423,46.789421881446664,103.92665683067074
0.42101749777793884,4391.683430254364,2362.291280833053,0.054802721088435376,0.32720619440078735,0.31346770375967026,comkin1,500,5,rated,495,0.8934426229508197,v2,1536,0.25,tf,logreg,2,geo mean sqrt(p*v),pcen,3,False,False,0.5980620306908164,0.66464882956598,0.7474402117826534,0.6027777777777777,0.29444444444444445,0.6772685185185185,0.7150639011104126,57.5,467.5,0.18189199705220158,0.11146735171276971,0.1688521325288797,0.0898816093742413,0.27605018330677433,0.031208099481561342,0.151588293608415,33.417809623013895,97.12234552357145
